Workbook

Sheet BAHAN PANTAU
A1: BY NO KONTRAK | S1: VLOOKUP NAMA | AJ1: COPAS DARI SINI
A2: TANGAL INJECT | B2: DATA PRIORITY | C2: NAMA CABANG | D2: NO KONTRAK | E2: NAMA KONSUMEN | F2: KETERANGAN | G2: CUS ID | H2: PA | I2: ALAMAT | J2: KELURAHAN | K2: KECAMATAN | L2: GOOGLE MAP | M2: RATING | N2: CEK VISIT | O2: NO HP | S2: DATA PRIORITY | T2: NAMA CABANG | U2: NO KONTRAK | V2: NAMA KONSUMEN | W2: KETERANGAN | X2: CUS ID | Y2: PA | Z2: ALAMAT | AA2: KELURAHAN | AB2: KECAMATAN | AC2: GOOGLE MAP | AD2: RATING | AE2: CEK VISIT | AF2: NO HP | AJ2: TANGAL INJECT | AK2: DATA PRIORITY | AL2: NAMA CABANG | AM2: NO KONTRAK | AN2: NAMA KONSUMEN | AO2: KETERANGAN | AP2: CUS ID | AQ2: PA | AR2: ALAMAT | AS2: KELURAHAN | AT2: KECAMATAN | AU2: GOOGLE MAP | AV2: RATING | AW2: CEK VISIT | AX2: NO HP
B6: P2 | C6: KENDAL | D6: 1057120231106521 | E6: SUTARI | F6: Konsumen Aktif M 0 - 6 Lunas | G6: =VLOOKUP(D6,'DATABASE RO'!$B$3:$M$299,4,0) -> P257000002990 | H6: =VLOOKUP(D6,'DATABASE RO'!$B$3:$M$299,5,0) -> YES | I6: =VLOOKUP(D6,'DATABASE RO'!$B$3:$M$299,6,0) -> DUKUH KARANGANYAR RT 003 RW 003 KEDAWUNG BANYUPUTIH RT 003/003 RT 000 /RW 000, Kedawung, Banyuputih, KABUPATEN, 51271 | J6: =VLOOKUP(D6,'DATABASE RO'!$B$3:$M$299,7,0) -> Kedawung | K6: =VLOOKUP(D6,'DATABASE RO'!$B$3:$M$299,8,0) -> Banyuputih | L6: =VLOOKUP(D6,'DATABASE RO'!$B$3:$M$299,9,0) -> TIDAK ADA | M6: =VLOOKUP(D6,'DATABASE RO'!$B$3:$M$299,10,0) -> EXCELLENT | O6: =VLOOKUP(D6,'DATABASE RO'!$B$3:$M$299,12,0) -> 0852 - 26826959 | S6: =B6 -> P2 | T6: =C6 -> KENDAL | U6: =D6 -> 1057120231106521 | V6: =E6 -> SUTARI | X6: =VLOOKUP(V6,'DATABASE RO'!$C$3:$M$185,3,0) -> P257000002990 | Y6: =VLOOKUP(V6,'DATABASE RO'!$C$3:$M$185,4,0) -> YES | Z6: =VLOOKUP(V6,'DATABASE RO'!$C$3:$M$185,5,0) -> DUKUH KARANGANYAR RT 003 RW 003 KEDAWUNG BANYUPUTIH RT 003/003 RT 000 /RW 000, Kedawung, Banyuputih, KABUPATEN, 51271 | AA6: =VLOOKUP(V6,'DATABASE RO'!$C$3:$M$185,6,0) -> Kedawung | AB6: =VLOOKUP(V6,'DATABASE RO'!$C$3:$M$185,7,0) -> Banyuputih | AC6: =VLOOKUP(V6,'DATABASE RO'!$C$3:$M$185,8,0) -> TIDAK ADA | AD6: =VLOOKUP(V6,'DATABASE RO'!$C$3:$M$185,9,0) -> EXCELLENT | AF6: =VLOOKUP(V6,'DATABASE RO'!$C$3:$M$185,11,0) -> 0852 - 26826959 | AK6: =B6 -> P2 | AL6: =C6 -> KENDAL | AM6: =D6 -> 1057120231106521 | AN6: =E6 -> SUTARI | AO6: =F6 -> Konsumen Aktif M 0 - 6 Lunas | AP6: =IFERROR(G6,X6) -> P257000002990 | AQ6: =IFERROR(H6,Y6) -> YES | AR6: =IFERROR(I6,Z6) -> DUKUH KARANGANYAR RT 003 RW 003 KEDAWUNG BANYUPUTIH RT 003/003 RT 000 /RW 000, Kedawung, Banyuputih, KABUPATEN, 51271 | AS6: =IFERROR(J6,AA6) -> Kedawung | AT6: =IFERROR(K6,AB6) -> Banyuputih | AU6: =IFERROR(L6,AC6) -> TIDAK ADA | AV6: =IFERROR(M6,AD6) -> EXCELLENT | AW6: =IFERROR(N6,AE6) -> 0 | AX6: =IFERROR(O6,AF6) -> 0852 - 26826959
A7: VLOOKUP NAMA | B7: P2 | C7: KENDAL | D7: 1057120240206718 | E7: IRFAUDIN | F7: Konsumen Aktif M 0 - 6 Lunas | G7: =VLOOKUP(D7,'DATABASE RO'!$B$3:$M$299,4,0) -> #N/A | H7: =VLOOKUP(D7,'DATABASE RO'!$B$3:$M$299,5,0) -> #N/A | I7: =VLOOKUP(D7,'DATABASE RO'!$B$3:$M$299,6,0) -> #N/A | J7: =VLOOKUP(D7,'DATABASE RO'!$B$3:$M$299,7,0) -> #N/A | K7: =VLOOKUP(D7,'DATABASE RO'!$B$3:$M$299,8,0) -> #N/A | L7: =VLOOKUP(D7,'DATABASE RO'!$B$3:$M$299,9,0) -> #N/A | M7: =VLOOKUP(D7,'DATABASE RO'!$B$3:$M$299,10,0) -> #N/A | O7: =VLOOKUP(D7,'DATABASE RO'!$B$3:$M$299,12,0) -> #N/A | S7: =B7 -> P2 | T7: =C7 -> KENDAL | U7: =D7 -> 1057120240206718 | V7: =E7 -> IRFAUDIN | X7: =VLOOKUP(V7,'DATABASE RO'!$C$3:$M$185,3,0) -> #N/A | Y7: =VLOOKUP(V7,'DATABASE RO'!$C$3:$M$185,4,0) -> #N/A | Z7: =VLOOKUP(V7,'DATABASE RO'!$C$3:$M$185,5,0) -> #N/A | AA7: =VLOOKUP(V7,'DATABASE RO'!$C$3:$M$185,6,0) -> #N/A | AB7: =VLOOKUP(V7,'DATABASE RO'!$C$3:$M$185,7,0) -> #N/A | AC7: =VLOOKUP(V7,'DATABASE RO'!$C$3:$M$185,8,0) -> #N/A | AD7: =VLOOKUP(V7,'DATABASE RO'!$C$3:$M$185,9,0) -> #N/A | AF7: =VLOOKUP(V7,'DATABASE RO'!$C$3:$M$185,11,0) -> #N/A | AJ7: VLOOKUP NAMA | AK7: =B7 -> P2 | AL7: =C7 -> KENDAL | AM7: =D7 -> 1057120240206718 | AN7: =E7 -> IRFAUDIN | AO7: =F7 -> Konsumen Aktif M 0 - 6 Lunas | AP7: =IFERROR(G7,X7) -> #N/A | AQ7: =IFERROR(H7,Y7) -> #N/A | AR7: =IFERROR(I7,Z7) -> #N/A | AS7: =IFERROR(J7,AA7) -> #N/A | AT7: =IFERROR(K7,AB7) -> #N/A | AU7: =IFERROR(L7,AC7) -> #N/A | AV7: =IFERROR(M7,AD7) -> #N/A | AW7: =IFERROR(N7,AE7) -> 0 | AX7: =IFERROR(O7,AF7) -> #N/A
B8: P2 | C8: KENDAL | D8: 1057120251007882 | E8: JURIYAH | F8: Konsumen Aktif M 0 - 6 Lunas | G8: =VLOOKUP(D8,'DATABASE RO'!$B$3:$M$299,4,0) -> P057A002039893 | H8: =VLOOKUP(D8,'DATABASE RO'!$B$3:$M$299,5,0) -> YES | I8: =VLOOKUP(D8,'DATABASE RO'!$B$3:$M$299,6,0) -> PURBO RT 013 /RW 005, Purbo, Bawang, KAB-Batang, 51274 | J8: =VLOOKUP(D8,'DATABASE RO'!$B$3:$M$299,7,0) -> PURBO | K8: =VLOOKUP(D8,'DATABASE RO'!$B$3:$M$299,8,0) -> BAWANG | L8: =VLOOKUP(D8,'DATABASE RO'!$B$3:$M$299,9,0) -> google.com/maps?z=12&t=m&q=loc:-7.079575+109.934911 | M8: =VLOOKUP(D8,'DATABASE RO'!$B$3:$M$299,10,0) -> EXCELLENT | O8: =VLOOKUP(D8,'DATABASE RO'!$B$3:$M$299,12,0) -> 895417316985 | S8: =B8 -> P2 | T8: =C8 -> KENDAL | U8: =D8 -> 1057120251007882 | V8: =E8 -> JURIYAH | X8: =VLOOKUP(V8,'DATABASE RO'!$C$3:$M$185,3,0) -> P057A002039893 | Y8: =VLOOKUP(V8,'DATABASE RO'!$C$3:$M$185,4,0) -> YES | Z8: =VLOOKUP(V8,'DATABASE RO'!$C$3:$M$185,5,0) -> PURBO RT 013 /RW 005, Purbo, Bawang, KAB-Batang, 51274 | AA8: =VLOOKUP(V8,'DATABASE RO'!$C$3:$M$185,6,0) -> PURBO | AB8: =VLOOKUP(V8,'DATABASE RO'!$C$3:$M$185,7,0) -> BAWANG | AC8: =VLOOKUP(V8,'DATABASE RO'!$C$3:$M$185,8,0) -> google.com/maps?z=12&t=m&q=loc:-7.079575+109.934911 | AD8: =VLOOKUP(V8,'DATABASE RO'!$C$3:$M$185,9,0) -> EXCELLENT | AF8: =VLOOKUP(V8,'DATABASE RO'!$C$3:$M$185,11,0) -> 895417316985 | AK8: =B8 -> P2 | AL8: =C8 -> KENDAL | AM8: =D8 -> 1057120251007882 | AN8: =E8 -> JURIYAH | AO8: =F8 -> Konsumen Aktif M 0 - 6 Lunas | AP8: =IFERROR(G8,X8) -> P057A002039893 | AQ8: =IFERROR(H8,Y8) -> YES | AR8: =IFERROR(I8,Z8) -> PURBO RT 013 /RW 005, Purbo, Bawang, KAB-Batang, 51274 | AS8: =IFERROR(J8,AA8) -> PURBO | AT8: =IFERROR(K8,AB8) -> BAWANG | AU8: =IFERROR(L8,AC8) -> google.com/maps?z=12&t=m&q=loc:-7.079575+109.934911 | AV8: =IFERROR(M8,AD8) -> EXCELLENT | AW8: =IFERROR(N8,AE8) -> 0 | AX8: =IFERROR(O8,AF8) -> 895417316985
B9: P2 | C9: KENDAL | D9: 1061120250608474 | E9: HADI KURNIAWAN | F9: Konsumen Aktif M 0 - 6 Lunas | G9: =VLOOKUP(D9,'DATABASE RO'!$B$3:$M$299,4,0) -> P19002060234 | H9: =VLOOKUP(D9,'DATABASE RO'!$B$3:$M$299,5,0) -> NO | I9: =VLOOKUP(D9,'DATABASE RO'!$B$3:$M$299,6,0) -> WONOREJO RT 002/005 RT 000 /RW 000, Wonorejo, Kaliwungu, KABUPATEN, 51372 | J9: =VLOOKUP(D9,'DATABASE RO'!$B$3:$M$299,7,0) -> WONOREJO | K9: =VLOOKUP(D9,'DATABASE RO'!$B$3:$M$299,8,0) -> KALIWUNGU | L9: =VLOOKUP(D9,'DATABASE RO'!$B$3:$M$299,9,0) -> TIDAK ADA | M9: =VLOOKUP(D9,'DATABASE RO'!$B$3:$M$299,10,0) -> GOOD | O9: =VLOOKUP(D9,'DATABASE RO'!$B$3:$M$299,12,0) -> TIDAK ADA | S9: =B9 -> P2 | T9: =C9 -> KENDAL | U9: =D9 -> 1061120250608474 | V9: =E9 -> HADI KURNIAWAN | X9: =VLOOKUP(V9,'DATABASE RO'!$C$3:$M$185,3,0) -> P19002060234 | Y9: =VLOOKUP(V9,'DATABASE RO'!$C$3:$M$185,4,0) -> NO | Z9: =VLOOKUP(V9,'DATABASE RO'!$C$3:$M$185,5,0) -> WONOREJO RT 002/005 RT 000 /RW 000, Wonorejo, Kaliwungu, KABUPATEN, 51372 | AA9: =VLOOKUP(V9,'DATABASE RO'!$C$3:$M$185,6,0) -> WONOREJO | AB9: =VLOOKUP(V9,'DATABASE RO'!$C$3:$M$185,7,0) -> KALIWUNGU | AC9: =VLOOKUP(V9,'DATABASE RO'!$C$3:$M$185,8,0) -> TIDAK ADA | AD9: =VLOOKUP(V9,'DATABASE RO'!$C$3:$M$185,9,0) -> GOOD | AF9: =VLOOKUP(V9,'DATABASE RO'!$C$3:$M$185,11,0) -> TIDAK ADA | AK9: =B9 -> P2 | AL9: =C9 -> KENDAL | AM9: =D9 -> 1061120250608474 | AN9: =E9 -> HADI KURNIAWAN | AO9: =F9 -> Konsumen Aktif M 0 - 6 Lunas | AP9: =IFERROR(G9,X9) -> P19002060234 | AQ9: =IFERROR(H9,Y9) -> NO | AR9: =IFERROR(I9,Z9) -> WONOREJO RT 002/005 RT 000 /RW 000, Wonorejo, Kaliwungu, KABUPATEN, 51372 | AS9: =IFERROR(J9,AA9) -> WONOREJO | AT9: =IFERROR(K9,AB9) -> KALIWUNGU | AU9: =IFERROR(L9,AC9) -> TIDAK ADA | AV9: =IFERROR(M9,AD9) -> GOOD | AW9: =IFERROR(N9,AE9) -> 0 | AX9: =IFERROR(O9,AF9) -> TIDAK ADA
B10: P2 | C10: KENDAL | D10: 1411120251008411 | E10: PURWOTO | F10: Konsumen Aktif M 0 - 6 Lunas | G10: =VLOOKUP(D10,'DATABASE RO'!$B$3:$M$299,4,0) -> P408000001074 | H10: =VLOOKUP(D10,'DATABASE RO'!$B$3:$M$299,5,0) -> NO | I10: =VLOOKUP(D10,'DATABASE RO'!$B$3:$M$299,6,0) -> PERUM BTN BLOK B NO.8 RT 002 /RW 010, Langenharjo, Kendal, KAB-Kendal, 51314 | J10: =VLOOKUP(D10,'DATABASE RO'!$B$3:$M$299,7,0) -> LANGENHARJO | K10: =VLOOKUP(D10,'DATABASE RO'!$B$3:$M$299,8,0) -> KENDAL | L10: =VLOOKUP(D10,'DATABASE RO'!$B$3:$M$299,9,0) -> google.com/maps?z=12&t=m&q=loc:-6.584906+110.680564 | M10: =VLOOKUP(D10,'DATABASE RO'!$B$3:$M$299,10,0) -> EXCELLENT | O10: =VLOOKUP(D10,'DATABASE RO'!$B$3:$M$299,12,0) -> TIDAK ADA | S10: =B10 -> P2 | T10: =C10 -> KENDAL | U10: =D10 -> 1411120251008411 | V10: =E10 -> PURWOTO | X10: =VLOOKUP(V10,'DATABASE RO'!$C$3:$M$185,3,0) -> P408000001074 | Y10: =VLOOKUP(V10,'DATABASE RO'!$C$3:$M$185,4,0) -> NO | Z10: =VLOOKUP(V10,'DATABASE RO'!$C$3:$M$185,5,0) -> PERUM BTN BLOK B NO.8 RT 002 /RW 010, Langenharjo, Kendal, KAB-Kendal, 51314 | AA10: =VLOOKUP(V10,'DATABASE RO'!$C$3:$M$185,6,0) -> LANGENHARJO | AB10: =VLOOKUP(V10,'DATABASE RO'!$C$3:$M$185,7,0) -> KENDAL | AC10: =VLOOKUP(V10,'DATABASE RO'!$C$3:$M$185,8,0) -> google.com/maps?z=12&t=m&q=loc:-6.584906+110.680564 | AD10: =VLOOKUP(V10,'DATABASE RO'!$C$3:$M$185,9,0) -> EXCELLENT | AF10: =VLOOKUP(V10,'DATABASE RO'!$C$3:$M$185,11,0) -> TIDAK ADA | AK10: =B10 -> P2 | AL10: =C10 -> KENDAL | AM10: =D10 -> 1411120251008411 | AN10: =E10 -> PURWOTO | AO10: =F10 -> Konsumen Aktif M 0 - 6 Lunas | AP10: =IFERROR(G10,X10) -> P408000001074 | AQ10: =IFERROR(H10,Y10) -> NO | AR10: =IFERROR(I10,Z10) -> PERUM BTN BLOK B NO.8 RT 002 /RW 010, Langenharjo, Kendal, KAB-Kendal, 51314 | AS10: =IFERROR(J10,AA10) -> LANGENHARJO | AT10: =IFERROR(K10,AB10) -> KENDAL | AU10: =IFERROR(L10,AC10) -> google.com/maps?z=12&t=m&q=loc:-6.584906+110.680564 | AV10: =IFERROR(M10,AD10) -> EXCELLENT | AW10: =IFERROR(N10,AE10) -> 0 | AX10: =IFERROR(O10,AF10) -> TIDAK ADA
A11: VLOOKUP NAMA | B11: P2 | C11: KENDAL | D11: 1063120240104443 | E11: Satoto | F11: Konsumen Aktif M 0 - 6 Lunas | G11: =VLOOKUP(D11,'DATABASE RO'!$B$3:$M$299,4,0) -> #N/A | H11: =VLOOKUP(D11,'DATABASE RO'!$B$3:$M$299,5,0) -> #N/A | I11: =VLOOKUP(D11,'DATABASE RO'!$B$3:$M$299,6,0) -> #N/A | J11: =VLOOKUP(D11,'DATABASE RO'!$B$3:$M$299,7,0) -> #N/A | K11: =VLOOKUP(D11,'DATABASE RO'!$B$3:$M$299,8,0) -> #N/A | L11: =VLOOKUP(D11,'DATABASE RO'!$B$3:$M$299,9,0) -> #N/A | M11: =VLOOKUP(D11,'DATABASE RO'!$B$3:$M$299,10,0) -> #N/A | O11: =VLOOKUP(D11,'DATABASE RO'!$B$3:$M$299,12,0) -> #N/A | S11: =B11 -> P2 | T11: =C11 -> KENDAL | U11: =D11 -> 1063120240104443 | V11: =E11 -> Satoto | X11: =VLOOKUP(V11,'DATABASE RO'!$C$3:$M$185,3,0) -> #N/A | Y11: =VLOOKUP(V11,'DATABASE RO'!$C$3:$M$185,4,0) -> #N/A | Z11: =VLOOKUP(V11,'DATABASE RO'!$C$3:$M$185,5,0) -> #N/A | AA11: =VLOOKUP(V11,'DATABASE RO'!$C$3:$M$185,6,0) -> #N/A | AB11: =VLOOKUP(V11,'DATABASE RO'!$C$3:$M$185,7,0) -> #N/A | AC11: =VLOOKUP(V11,'DATABASE RO'!$C$3:$M$185,8,0) -> #N/A | AD11: =VLOOKUP(V11,'DATABASE RO'!$C$3:$M$185,9,0) -> #N/A | AF11: =VLOOKUP(V11,'DATABASE RO'!$C$3:$M$185,11,0) -> #N/A | AJ11: VLOOKUP NAMA | AK11: =B11 -> P2 | AL11: =C11 -> KENDAL | AM11: =D11 -> 1063120240104443 | AN11: =E11 -> Satoto | AO11: =F11 -> Konsumen Aktif M 0 - 6 Lunas | AP11: =IFERROR(G11,X11) -> #N/A | AQ11: =IFERROR(H11,Y11) -> #N/A | AR11: =IFERROR(I11,Z11) -> #N/A | AS11: =IFERROR(J11,AA11) -> #N/A | AT11: =IFERROR(K11,AB11) -> #N/A | AU11: =IFERROR(L11,AC11) -> #N/A | AV11: =IFERROR(M11,AD11) -> #N/A | AW11: =IFERROR(N11,AE11) -> 0 | AX11: =IFERROR(O11,AF11) -> #N/A
A12: VLOOKUP NAMA | B12: P2 | C12: KENDAL | D12: 1063120240304500 | E12: NURHAYATI | F12: Konsumen Aktif M 0 - 6 Lunas | G12: =VLOOKUP(D12,'DATABASE RO'!$B$3:$M$299,4,0) -> #N/A | H12: =VLOOKUP(D12,'DATABASE RO'!$B$3:$M$299,5,0) -> #N/A | I12: =VLOOKUP(D12,'DATABASE RO'!$B$3:$M$299,6,0) -> #N/A | J12: =VLOOKUP(D12,'DATABASE RO'!$B$3:$M$299,7,0) -> #N/A | K12: =VLOOKUP(D12,'DATABASE RO'!$B$3:$M$299,8,0) -> #N/A | L12: =VLOOKUP(D12,'DATABASE RO'!$B$3:$M$299,9,0) -> #N/A | M12: =VLOOKUP(D12,'DATABASE RO'!$B$3:$M$299,10,0) -> #N/A | O12: =VLOOKUP(D12,'DATABASE RO'!$B$3:$M$299,12,0) -> #N/A | S12: =B12 -> P2 | T12: =C12 -> KENDAL | U12: =D12 -> 1063120240304500 | V12: =E12 -> NURHAYATI | X12: =VLOOKUP(V12,'DATABASE RO'!$C$3:$M$185,3,0) -> P19002049199 | Y12: =VLOOKUP(V12,'DATABASE RO'!$C$3:$M$185,4,0) -> YES | Z12: =VLOOKUP(V12,'DATABASE RO'!$C$3:$M$185,5,0) -> PUCUNG KEREP DESA PESAREN RT 002 /RW 004, Pesaren, Sukorejo, KAB-Kendal, 51363 | AA12: =VLOOKUP(V12,'DATABASE RO'!$C$3:$M$185,6,0) -> Pesaren | AB12: =VLOOKUP(V12,'DATABASE RO'!$C$3:$M$185,7,0) -> Sukorejo | AC12: =VLOOKUP(V12,'DATABASE RO'!$C$3:$M$185,8,0) -> https://www.google.com/maps?z=12&t=m&q=loc:-7.139930+110.005402 | AD12: =VLOOKUP(V12,'DATABASE RO'!$C$3:$M$185,9,0) -> NORMAL | AF12: =VLOOKUP(V12,'DATABASE RO'!$C$3:$M$185,11,0) -> 0858 - 67822275 | AJ12: VLOOKUP NAMA | AK12: =B12 -> P2 | AL12: =C12 -> KENDAL | AM12: =D12 -> 1063120240304500 | AN12: =E12 -> NURHAYATI | AO12: =F12 -> Konsumen Aktif M 0 - 6 Lunas | AP12: =IFERROR(G12,X12) -> P19002049199 | AQ12: =IFERROR(H12,Y12) -> YES | AR12: =IFERROR(I12,Z12) -> PUCUNG KEREP DESA PESAREN RT 002 /RW 004, Pesaren, Sukorejo, KAB-Kendal, 51363 | AS12: =IFERROR(J12,AA12) -> Pesaren | AT12: =IFERROR(K12,AB12) -> Sukorejo | AU12: =IFERROR(L12,AC12) -> https://www.google.com/maps?z=12&t=m&q=loc:-7.139930+110.005402 | AV12: =IFERROR(M12,AD12) -> NORMAL | AW12: =IFERROR(N12,AE12) -> 0 | AX12: =IFERROR(O12,AF12) -> 0858 - 67822275
B13: P2 | C13: KENDAL | D13: 1063120240904763 | E13: Imam khoirudin | F13: Konsumen Aktif M 0 - 6 Lunas | G13: =VLOOKUP(D13,'DATABASE RO'!$B$3:$M$299,4,0) -> CUS063120211105567 | H13: =VLOOKUP(D13,'DATABASE RO'!$B$3:$M$299,5,0) -> #N/A | I13: =VLOOKUP(D13,'DATABASE RO'!$B$3:$M$299,6,0) -> BULUGEDE RT 001 /RW 002, Bulugede, Patebon, KAB-Kendal, 51351 | J13: =VLOOKUP(D13,'DATABASE RO'!$B$3:$M$299,7,0) -> Bulugede | K13: =VLOOKUP(D13,'DATABASE RO'!$B$3:$M$299,8,0) -> Patebon | L13: =VLOOKUP(D13,'DATABASE RO'!$B$3:$M$299,9,0) -> #N/A | M13: =VLOOKUP(D13,'DATABASE RO'!$B$3:$M$299,10,0) -> EXCELLENT | O13: =VLOOKUP(D13,'DATABASE RO'!$B$3:$M$299,12,0) -> 0895 - 630559311 | S13: =B13 -> P2 | T13: =C13 -> KENDAL | U13: =D13 -> 1063120240904763 | V13: =E13 -> Imam khoirudin | X13: =VLOOKUP(V13,'DATABASE RO'!$C$3:$M$185,3,0) -> CUS063120211105567 | Y13: =VLOOKUP(V13,'DATABASE RO'!$C$3:$M$185,4,0) -> #N/A | Z13: =VLOOKUP(V13,'DATABASE RO'!$C$3:$M$185,5,0) -> BULUGEDE RT 001 /RW 002, Bulugede, Patebon, KAB-Kendal, 51351 | AA13: =VLOOKUP(V13,'DATABASE RO'!$C$3:$M$185,6,0) -> Bulugede | AB13: =VLOOKUP(V13,'DATABASE RO'!$C$3:$M$185,7,0) -> Patebon | AC13: =VLOOKUP(V13,'DATABASE RO'!$C$3:$M$185,8,0) -> #N/A | AD13: =VLOOKUP(V13,'DATABASE RO'!$C$3:$M$185,9,0) -> EXCELLENT | AF13: =VLOOKUP(V13,'DATABASE RO'!$C$3:$M$185,11,0) -> 0895 - 630559311 | AK13: =B13 -> P2 | AL13: =C13 -> KENDAL | AM13: =D13 -> 1063120240904763 | AN13: =E13 -> Imam khoirudin | AO13: =F13 -> Konsumen Aktif M 0 - 6 Lunas | AP13: =IFERROR(G13,X13) -> CUS063120211105567 | AQ13: =IFERROR(H13,Y13) -> #N/A | AR13: =IFERROR(I13,Z13) -> BULUGEDE RT 001 /RW 002, Bulugede, Patebon, KAB-Kendal, 51351 | AS13: =IFERROR(J13,AA13) -> Bulugede | AT13: =IFERROR(K13,AB13) -> Patebon | AU13: =IFERROR(L13,AC13) -> #N/A | AV13: =IFERROR(M13,AD13) -> EXCELLENT | AW13: =IFERROR(N13,AE13) -> 0 | AX13: =IFERROR(O13,AF13) -> 0895 - 630559311
B14: P2 | C14: KENDAL | D14: 1063120241004777 | E14: ACHMAD CHAIRUL ANAM | F14: Konsumen Aktif M 0 - 6 Lunas | G14: =VLOOKUP(D14,'DATABASE RO'!$B$3:$M$299,4,0) -> CUS063120231107843 | H14: =VLOOKUP(D14,'DATABASE RO'!$B$3:$M$299,5,0) -> YES | I14: =VLOOKUP(D14,'DATABASE RO'!$B$3:$M$299,6,0) -> DK PONGOL SARI RT 005 /RW 002, Madugowongjati, Gringsing, KAB-Batang, 51281 | J14: =VLOOKUP(D14,'DATABASE RO'!$B$3:$M$299,7,0) -> Madugowongjati | K14: =VLOOKUP(D14,'DATABASE RO'!$B$3:$M$299,8,0) -> Gringsing | L14: =VLOOKUP(D14,'DATABASE RO'!$B$3:$M$299,9,0) -> https://www.google.com/maps/place/6%C2%B059'19.5%22S+109%C2%B059'08.9%22E/@-6.98875,109.9832371,17z/data=!3m1!4b1!4m4!3m3!8m2!3d-6.98875!4d109.985812?entry=ttu&g_ep=EgoyMDI2MDYyOS4wIKXMDSoASAFQAw%3D%3D | M14: =VLOOKUP(D14,'DATABASE RO'!$B$3:$M$299,10,0) -> EXCELLENT | O14: =VLOOKUP(D14,'DATABASE RO'!$B$3:$M$299,12,0) -> 0857 - 02254450 | S14: =B14 -> P2 | T14: =C14 -> KENDAL | U14: =D14 -> 1063120241004777 | V14: =E14 -> ACHMAD CHAIRUL ANAM | X14: =VLOOKUP(V14,'DATABASE RO'!$C$3:$M$185,3,0) -> CUS063120231107843 | Y14: =VLOOKUP(V14,'DATABASE RO'!$C$3:$M$185,4,0) -> YES | Z14: =VLOOKUP(V14,'DATABASE RO'!$C$3:$M$185,5,0) -> DK PONGOL SARI RT 005 /RW 002, Madugowongjati, Gringsing, KAB-Batang, 51281 | AA14: =VLOOKUP(V14,'DATABASE RO'!$C$3:$M$185,6,0) -> Madugowongjati | AB14: =VLOOKUP(V14,'DATABASE RO'!$C$3:$M$185,7,0) -> Gringsing | AC14: =VLOOKUP(V14,'DATABASE RO'!$C$3:$M$185,8,0) -> https://www.google.com/maps/place/6%C2%B059'19.5%22S+109%C2%B059'08.9%22E/@-6.98875,109.9832371,17z/data=!3m1!4b1!4m4!3m3!8m2!3d-6.98875!4d109.985812?entry=ttu&g_ep=EgoyMDI2MDYyOS4wIKXMDSoASAFQAw%3D%3D | AD14: =VLOOKUP(V14,'DATABASE RO'!$C$3:$M$185,9,0) -> EXCELLENT | AF14: =VLOOKUP(V14,'DATABASE RO'!$C$3:$M$185,11,0) -> 0857 - 02254450 | AK14: =B14 -> P2 | AL14: =C14 -> KENDAL | AM14: =D14 -> 1063120241004777 | AN14: =E14 -> ACHMAD CHAIRUL ANAM | AO14: =F14 -> Konsumen Aktif M 0 - 6 Lunas | AP14: =IFERROR(G14,X14) -> CUS063120231107843 | AQ14: =IFERROR(H14,Y14) -> YES | AR14: =IFERROR(I14,Z14) -> DK PONGOL SARI RT 005 /RW 002, Madugowongjati, Gringsing, KAB-Batang, 51281 | AS14: =IFERROR(J14,AA14) -> Madugowongjati | AT14: =IFERROR(K14,AB14) -> Gringsing | AU14: =IFERROR(L14,AC14) -> https://www.google.com/maps/place/6%C2%B059'19.5%22S+109%C2%B059'08.9%22E/@-6.98875,109.9832371,17z/data=!3m1!4b1!4m4!3m3!8m2!3d-6.98875!4d109.985812?entry=ttu&g_ep=EgoyMDI2MDYyOS4wIKXMDSoASAFQAw%3D%3D | AV14: =IFERROR(M14,AD14) -> EXCELLENT | AW14: =IFERROR(N14,AE14) -> 0 | AX14: =IFERROR(O14,AF14) -> 0857 - 02254450
B15: P2 | C15: KENDAL | D15: 1063120241004791 | E15: HERMANTO | F15: Konsumen Aktif M 0 - 6 Lunas | G15: =VLOOKUP(D15,'DATABASE RO'!$B$3:$M$299,4,0) -> P091A002037332 | H15: =VLOOKUP(D15,'DATABASE RO'!$B$3:$M$299,5,0) -> YES | I15: =VLOOKUP(D15,'DATABASE RO'!$B$3:$M$299,6,0) -> Ngasinan RT 009 /RW 003, Ngasinan, Weleri, KAB-Kendal, 51355 | J15: =VLOOKUP(D15,'DATABASE RO'!$B$3:$M$299,7,0) -> Ngasinan | K15: =VLOOKUP(D15,'DATABASE RO'!$B$3:$M$299,8,0) -> Weleri | L15: =VLOOKUP(D15,'DATABASE RO'!$B$3:$M$299,9,0) -> https://www.google.com/maps?z=12&t=m&q=loc:-6.971223+110.090367 | M15: =VLOOKUP(D15,'DATABASE RO'!$B$3:$M$299,10,0) -> EXCELLENT | O15: =VLOOKUP(D15,'DATABASE RO'!$B$3:$M$299,12,0) -> 0813 - 30005452 | S15: =B15 -> P2 | T15: =C15 -> KENDAL | U15: =D15 -> 1063120241004791 | V15: =E15 -> HERMANTO | X15: =VLOOKUP(V15,'DATABASE RO'!$C$3:$M$185,3,0) -> P091A002037332 | Y15: =VLOOKUP(V15,'DATABASE RO'!$C$3:$M$185,4,0) -> YES | Z15: =VLOOKUP(V15,'DATABASE RO'!$C$3:$M$185,5,0) -> Ngasinan RT 009 /RW 003, Ngasinan, Weleri, KAB-Kendal, 51355 | AA15: =VLOOKUP(V15,'DATABASE RO'!$C$3:$M$185,6,0) -> Ngasinan | AB15: =VLOOKUP(V15,'DATABASE RO'!$C$3:$M$185,7,0) -> Weleri | AC15: =VLOOKUP(V15,'DATABASE RO'!$C$3:$M$185,8,0) -> https://www.google.com/maps?z=12&t=m&q=loc:-6.971223+110.090367 | AD15: =VLOOKUP(V15,'DATABASE RO'!$C$3:$M$185,9,0) -> EXCELLENT | AF15: =VLOOKUP(V15,'DATABASE RO'!$C$3:$M$185,11,0) -> 0813 - 30005452 | AK15: =B15 -> P2 | AL15: =C15 -> KENDAL | AM15: =D15 -> 1063120241004791 | AN15: =E15 -> HERMANTO | AO15: =F15 -> Konsumen Aktif M 0 - 6 Lunas | AP15: =IFERROR(G15,X15) -> P091A002037332 | AQ15: =IFERROR(H15,Y15) -> YES | AR15: =IFERROR(I15,Z15) -> Ngasinan RT 009 /RW 003, Ngasinan, Weleri, KAB-Kendal, 51355 | AS15: =IFERROR(J15,AA15) -> Ngasinan | AT15: =IFERROR(K15,AB15) -> Weleri | AU15: =IFERROR(L15,AC15) -> https://www.google.com/maps?z=12&t=m&q=loc:-6.971223+110.090367 | AV15: =IFERROR(M15,AD15) -> EXCELLENT | AW15: =IFERROR(N15,AE15) -> 0 | AX15: =IFERROR(O15,AF15) -> 0813 - 30005452
B16: P2 | C16: KENDAL | D16: 1063120241004798 | E16: SITI MASROFAH | F16: Konsumen Aktif M 0 - 6 Lunas | G16: =VLOOKUP(D16,'DATABASE RO'!$B$3:$M$299,4,0) -> CUS063120241008307 | H16: =VLOOKUP(D16,'DATABASE RO'!$B$3:$M$299,5,0) -> YES | I16: =VLOOKUP(D16,'DATABASE RO'!$B$3:$M$299,6,0) -> DESA GEBANGANOM WETAN RT 006 /RW 001, Gebanganom Wetan, Kangkung, KAB-Kendal, 51353 | J16: =VLOOKUP(D16,'DATABASE RO'!$B$3:$M$299,7,0) -> Gebanganom Wetan | K16: =VLOOKUP(D16,'DATABASE RO'!$B$3:$M$299,8,0) -> Kangkung | L16: =VLOOKUP(D16,'DATABASE RO'!$B$3:$M$299,9,0) -> https://www.google.com/maps/place/6%C2%B056'20.0%22S+110%C2%B007'29.6%22E/@-6.938877,110.1223221,17z/data=!3m1!4b1!4m4!3m3!8m2!3d-6.938877!4d110.124897?entry=ttu&g_ep=EgoyMDI2MDcwOC4wIKXMDSoASAFQAw%3D%3D | M16: =VLOOKUP(D16,'DATABASE RO'!$B$3:$M$299,10,0) -> EXCELLENT | O16: =VLOOKUP(D16,'DATABASE RO'!$B$3:$M$299,12,0) -> 085520754148 | S16: =B16 -> P2 | T16: =C16 -> KENDAL | U16: =D16 -> 1063120241004798 | V16: =E16 -> SITI MASROFAH | X16: =VLOOKUP(V16,'DATABASE RO'!$C$3:$M$185,3,0) -> CUS063120241008307 | Y16: =VLOOKUP(V16,'DATABASE RO'!$C$3:$M$185,4,0) -> YES | Z16: =VLOOKUP(V16,'DATABASE RO'!$C$3:$M$185,5,0) -> DESA GEBANGANOM WETAN RT 006 /RW 001, Gebanganom Wetan, Kangkung, KAB-Kendal, 51353 | AA16: =VLOOKUP(V16,'DATABASE RO'!$C$3:$M$185,6,0) -> Gebanganom Wetan | AB16: =VLOOKUP(V16,'DATABASE RO'!$C$3:$M$185,7,0) -> Kangkung | AC16: =VLOOKUP(V16,'DATABASE RO'!$C$3:$M$185,8,0) -> https://www.google.com/maps/place/6%C2%B056'20.0%22S+110%C2%B007'29.6%22E/@-6.938877,110.1223221,17z/data=!3m1!4b1!4m4!3m3!8m2!3d-6.938877!4d110.124897?entry=ttu&g_ep=EgoyMDI2MDcwOC4wIKXMDSoASAFQAw%3D%3D | AD16: =VLOOKUP(V16,'DATABASE RO'!$C$3:$M$185,9,0) -> EXCELLENT | AF16: =VLOOKUP(V16,'DATABASE RO'!$C$3:$M$185,11,0) -> 085520754148 | AK16: =B16 -> P2 | AL16: =C16 -> KENDAL | AM16: =D16 -> 1063120241004798 | AN16: =E16 -> SITI MASROFAH | AO16: =F16 -> Konsumen Aktif M 0 - 6 Lunas | AP16: =IFERROR(G16,X16) -> CUS063120241008307 | AQ16: =IFERROR(H16,Y16) -> YES | AR16: =IFERROR(I16,Z16) -> DESA GEBANGANOM WETAN RT 006 /RW 001, Gebanganom Wetan, Kangkung, KAB-Kendal, 51353 | AS16: =IFERROR(J16,AA16) -> Gebanganom Wetan | AT16: =IFERROR(K16,AB16) -> Kangkung | AU16: =IFERROR(L16,AC16) -> https://www.google.com/maps/place/6%C2%B056'20.0%22S+110%C2%B007'29.6%22E/@-6.938877,110.1223221,17z/data=!3m1!4b1!4m4!3m3!8m2!3d-6.938877!4d110.124897?entry=ttu&g_ep=EgoyMDI2MDcwOC4wIKXMDSoASAFQAw%3D%3D | AV16: =IFERROR(M16,AD16) -> EXCELLENT | AW16: =IFERROR(N16,AE16) -> 0 | AX16: =IFERROR(O16,AF16) -> 085520754148
B17: P2 | C17: KENDAL | D17: 1063120241004807 | E17: ANNAS MARZUKI | F17: Konsumen Aktif M 0 - 6 Lunas | G17: =VLOOKUP(D17,'DATABASE RO'!$B$3:$M$299,4,0) -> P19002037152 | H17: =VLOOKUP(D17,'DATABASE RO'!$B$3:$M$299,5,0) -> YES | I17: =VLOOKUP(D17,'DATABASE RO'!$B$3:$M$299,6,0) -> DESA PUGUH RT 001/004 RT 01 /RW 04, Puguh, Pegandon, KAB-Kendal, 51357 | J17: =VLOOKUP(D17,'DATABASE RO'!$B$3:$M$299,7,0) -> Puguh | K17: =VLOOKUP(D17,'DATABASE RO'!$B$3:$M$299,8,0) -> Pegandon | L17: =VLOOKUP(D17,'DATABASE RO'!$B$3:$M$299,9,0) -> TIDAK ADA | M17: =VLOOKUP(D17,'DATABASE RO'!$B$3:$M$299,10,0) -> GOOD | O17: =VLOOKUP(D17,'DATABASE RO'!$B$3:$M$299,12,0) -> 0882 - 007565578 | S17: =B17 -> P2 | T17: =C17 -> KENDAL | U17: =D17 -> 1063120241004807 | V17: =E17 -> ANNAS MARZUKI | X17: =VLOOKUP(V17,'DATABASE RO'!$C$3:$M$185,3,0) -> P19002037152 | Y17: =VLOOKUP(V17,'DATABASE RO'!$C$3:$M$185,4,0) -> YES | Z17: =VLOOKUP(V17,'DATABASE RO'!$C$3:$M$185,5,0) -> DESA PUGUH RT 001/004 RT 01 /RW 04, Puguh, Pegandon, KAB-Kendal, 51357 | AA17: =VLOOKUP(V17,'DATABASE RO'!$C$3:$M$185,6,0) -> Puguh | AB17: =VLOOKUP(V17,'DATABASE RO'!$C$3:$M$185,7,0) -> Pegandon | AC17: =VLOOKUP(V17,'DATABASE RO'!$C$3:$M$185,8,0) -> TIDAK ADA | AD17: =VLOOKUP(V17,'DATABASE RO'!$C$3:$M$185,9,0) -> GOOD | AF17: =VLOOKUP(V17,'DATABASE RO'!$C$3:$M$185,11,0) -> 0882 - 007565578 | AK17: =B17 -> P2 | AL17: =C17 -> KENDAL | AM17: =D17 -> 1063120241004807 | AN17: =E17 -> ANNAS MARZUKI | AO17: =F17 -> Konsumen Aktif M 0 - 6 Lunas | AP17: =IFERROR(G17,X17) -> P19002037152 | AQ17: =IFERROR(H17,Y17) -> YES | AR17: =IFERROR(I17,Z17) -> DESA PUGUH RT 001/004 RT 01 /RW 04, Puguh, Pegandon, KAB-Kendal, 51357 | AS17: =IFERROR(J17,AA17) -> Puguh | AT17: =IFERROR(K17,AB17) -> Pegandon | AU17: =IFERROR(L17,AC17) -> TIDAK ADA | AV17: =IFERROR(M17,AD17) -> GOOD | AW17: =IFERROR(N17,AE17) -> 0 | AX17: =IFERROR(O17,AF17) -> 0882 - 007565578
B18: P2 | C18: KENDAL | D18: 1063120241104840 | E18: CAHYA KARDININGSIH | F18: Konsumen Aktif M 0 - 6 Lunas | G18: =VLOOKUP(D18,'DATABASE RO'!$B$3:$M$299,4,0) -> CUS063120221106822 | H18: =VLOOKUP(D18,'DATABASE RO'!$B$3:$M$299,5,0) -> YES | I18: =VLOOKUP(D18,'DATABASE RO'!$B$3:$M$299,6,0) -> TEMPEL RT 010 /RW 003, Bumiayu, Weleri, KAB-Kendal, 51355 | J18: =VLOOKUP(D18,'DATABASE RO'!$B$3:$M$299,7,0) -> Bumiayu | K18: =VLOOKUP(D18,'DATABASE RO'!$B$3:$M$299,8,0) -> Weleri | L18: =VLOOKUP(D18,'DATABASE RO'!$B$3:$M$299,9,0) -> https://www.google.com/maps?z=12&t=m&q=loc:-6.981893+110.073458 | M18: =VLOOKUP(D18,'DATABASE RO'!$B$3:$M$299,10,0) -> EXCELLENT | O18: =VLOOKUP(D18,'DATABASE RO'!$B$3:$M$299,12,0) -> 083121132031 | S18: =B18 -> P2 | T18: =C18 -> KENDAL | U18: =D18 -> 1063120241104840 | V18: =E18 -> CAHYA KARDININGSIH | X18: =VLOOKUP(V18,'DATABASE RO'!$C$3:$M$185,3,0) -> CUS063120221106822 | Y18: =VLOOKUP(V18,'DATABASE RO'!$C$3:$M$185,4,0) -> YES | Z18: =VLOOKUP(V18,'DATABASE RO'!$C$3:$M$185,5,0) -> TEMPEL RT 010 /RW 003, Bumiayu, Weleri, KAB-Kendal, 51355 | AA18: =VLOOKUP(V18,'DATABASE RO'!$C$3:$M$185,6,0) -> Bumiayu | AB18: =VLOOKUP(V18,'DATABASE RO'!$C$3:$M$185,7,0) -> Weleri | AC18: =VLOOKUP(V18,'DATABASE RO'!$C$3:$M$185,8,0) -> https://www.google.com/maps?z=12&t=m&q=loc:-6.981893+110.073458 | AD18: =VLOOKUP(V18,'DATABASE RO'!$C$3:$M$185,9,0) -> EXCELLENT | AF18: =VLOOKUP(V18,'DATABASE RO'!$C$3:$M$185,11,0) -> 083121132031 | AK18: =B18 -> P2 | AL18: =C18 -> KENDAL | AM18: =D18 -> 1063120241104840 | AN18: =E18 -> CAHYA KARDININGSIH | AO18: =F18 -> Konsumen Aktif M 0 - 6 Lunas | AP18: =IFERROR(G18,X18) -> CUS063120221106822 | AQ18: =IFERROR(H18,Y18) -> YES | AR18: =IFERROR(I18,Z18) -> TEMPEL RT 010 /RW 003, Bumiayu, Weleri, KAB-Kendal, 51355 | AS18: =IFERROR(J18,AA18) -> Bumiayu | AT18: =IFERROR(K18,AB18) -> Weleri | AU18: =IFERROR(L18,AC18) -> https://www.google.com/maps?z=12&t=m&q=loc:-6.981893+110.073458 | AV18: =IFERROR(M18,AD18) -> EXCELLENT | AW18: =IFERROR(N18,AE18) -> 0 | AX18: =IFERROR(O18,AF18) -> 083121132031
B19: P2 | C19: KENDAL | D19: 1063120241204874 | E19: Riyantik | F19: Konsumen Aktif M 0 - 6 Lunas | G19: =VLOOKUP(D19,'DATABASE RO'!$B$3:$M$299,4,0) -> CUS063120221006705 | H19: =VLOOKUP(D19,'DATABASE RO'!$B$3:$M$299,5,0) -> YES | I19: =VLOOKUP(D19,'DATABASE RO'!$B$3:$M$299,6,0) -> SAMBONGSARI RT 003 /RW 001, Sambongsari, Weleri, KAB-Kendal, 51355 | J19: =VLOOKUP(D19,'DATABASE RO'!$B$3:$M$299,7,0) -> Sambongsari | K19: =VLOOKUP(D19,'DATABASE RO'!$B$3:$M$299,8,0) -> Weleri | L19: =VLOOKUP(D19,'DATABASE RO'!$B$3:$M$299,9,0) -> google.com/maps?z=12&t=m&q=loc:-6.972847+110.059785 | M19: =VLOOKUP(D19,'DATABASE RO'!$B$3:$M$299,10,0) -> NORMAL | O19: =VLOOKUP(D19,'DATABASE RO'!$B$3:$M$299,12,0) -> 08988383160 | S19: =B19 -> P2 | T19: =C19 -> KENDAL | U19: =D19 -> 1063120241204874 | V19: =E19 -> Riyantik | X19: =VLOOKUP(V19,'DATABASE RO'!$C$3:$M$185,3,0) -> CUS063120221006705 | Y19: =VLOOKUP(V19,'DATABASE RO'!$C$3:$M$185,4,0) -> YES | Z19: =VLOOKUP(V19,'DATABASE RO'!$C$3:$M$185,5,0) -> SAMBONGSARI RT 003 /RW 001, Sambongsari, Weleri, KAB-Kendal, 51355 | AA19: =VLOOKUP(V19,'DATABASE RO'!$C$3:$M$185,6,0) -> Sambongsari | AB19: =VLOOKUP(V19,'DATABASE RO'!$C$3:$M$185,7,0) -> Weleri | AC19: =VLOOKUP(V19,'DATABASE RO'!$C$3:$M$185,8,0) -> google.com/maps?z=12&t=m&q=loc:-6.972847+110.059785 | AD19: =VLOOKUP(V19,'DATABASE RO'!$C$3:$M$185,9,0) -> NORMAL | AF19: =VLOOKUP(V19,'DATABASE RO'!$C$3:$M$185,11,0) -> 08988383160 | AK19: =B19 -> P2 | AL19: =C19 -> KENDAL | AM19: =D19 -> 1063120241204874 | AN19: =E19 -> Riyantik | AO19: =F19 -> Konsumen Aktif M 0 - 6 Lunas | AP19: =IFERROR(G19,X19) -> CUS063120221006705 | AQ19: =IFERROR(H19,Y19) -> YES | AR19: =IFERROR(I19,Z19) -> SAMBONGSARI RT 003 /RW 001, Sambongsari, Weleri, KAB-Kendal, 51355 | AS19: =IFERROR(J19,AA19) -> Sambongsari | AT19: =IFERROR(K19,AB19) -> Weleri | AU19: =IFERROR(L19,AC19) -> google.com/maps?z=12&t=m&q=loc:-6.972847+110.059785 | AV19: =IFERROR(M19,AD19) -> NORMAL | AW19: =IFERROR(N19,AE19) -> 0 | AX19: =IFERROR(O19,AF19) -> 08988383160
B20: P2 | C20: KENDAL | D20: 1063120250104885 | E20: Andy Purnomo aji | F20: Konsumen Aktif M 0 - 6 Lunas | G20: =VLOOKUP(D20,'DATABASE RO'!$B$3:$M$299,4,0) -> CUS063120230307314 | H20: =VLOOKUP(D20,'DATABASE RO'!$B$3:$M$299,5,0) -> YES | I20: =VLOOKUP(D20,'DATABASE RO'!$B$3:$M$299,6,0) -> Langgengsari RT 005 /RW 002, Plantaran, Kaliwungu Selatan, KAB-Kendal, 51372 | J20: =VLOOKUP(D20,'DATABASE RO'!$B$3:$M$299,7,0) -> Plantaran | K20: =VLOOKUP(D20,'DATABASE RO'!$B$3:$M$299,8,0) -> Kaliwungu Selatan | L20: =VLOOKUP(D20,'DATABASE RO'!$B$3:$M$299,9,0) -> https://www.google.com/maps/place/6%C2%B057'59.5%22S+110%C2%B014'47.6%22E/@-6.966538,110.2439671,17z/data=!3m1!4b1!4m4!3m3!8m2!3d-6.966538!4d110.246542?entry=ttu&g_ep=EgoyMDI2MDYyOS4wIKXMDSoASAFQAw%3D%3D | M20: =VLOOKUP(D20,'DATABASE RO'!$B$3:$M$299,10,0) -> NORMAL | O20: =VLOOKUP(D20,'DATABASE RO'!$B$3:$M$299,12,0) -> 085713645032 | S20: =B20 -> P2 | T20: =C20 -> KENDAL | U20: =D20 -> 1063120250104885 | V20: =E20 -> Andy Purnomo aji | X20: =VLOOKUP(V20,'DATABASE RO'!$C$3:$M$185,3,0) -> CUS063120230307314 | Y20: =VLOOKUP(V20,'DATABASE RO'!$C$3:$M$185,4,0) -> YES | Z20: =VLOOKUP(V20,'DATABASE RO'!$C$3:$M$185,5,0) -> Langgengsari RT 005 /RW 002, Plantaran, Kaliwungu Selatan, KAB-Kendal, 51372 | AA20: =VLOOKUP(V20,'DATABASE RO'!$C$3:$M$185,6,0) -> Plantaran | AB20: =VLOOKUP(V20,'DATABASE RO'!$C$3:$M$185,7,0) -> Kaliwungu Selatan | AC20: =VLOOKUP(V20,'DATABASE RO'!$C$3:$M$185,8,0) -> https://www.google.com/maps/place/6%C2%B057'59.5%22S+110%C2%B014'47.6%22E/@-6.966538,110.2439671,17z/data=!3m1!4b1!4m4!3m3!8m2!3d-6.966538!4d110.246542?entry=ttu&g_ep=EgoyMDI2MDYyOS4wIKXMDSoASAFQAw%3D%3D | AD20: =VLOOKUP(V20,'DATABASE RO'!$C$3:$M$185,9,0) -> NORMAL | AF20: =VLOOKUP(V20,'DATABASE RO'!$C$3:$M$185,11,0) -> 085713645032 | AK20: =B20 -> P2 | AL20: =C20 -> KENDAL | AM20: =D20 -> 1063120250104885 | AN20: =E20 -> Andy Purnomo aji | AO20: =F20 -> Konsumen Aktif M 0 - 6 Lunas | AP20: =IFERROR(G20,X20) -> CUS063120230307314 | AQ20: =IFERROR(H20,Y20) -> YES | AR20: =IFERROR(I20,Z20) -> Langgengsari RT 005 /RW 002, Plantaran, Kaliwungu Selatan, KAB-Kendal, 51372 | AS20: =IFERROR(J20,AA20) -> Plantaran | AT20: =IFERROR(K20,AB20) -> Kaliwungu Selatan | AU20: =IFERROR(L20,AC20) -> https://www.google.com/maps/place/6%C2%B057'59.5%22S+110%C2%B014'47.6%22E/@-6.966538,110.2439671,17z/data=!3m1!4b1!4m4!3m3!8m2!3d-6.966538!4d110.246542?entry=ttu&g_ep=EgoyMDI2MDYyOS4wIKXMDSoASAFQAw%3D%3D | AV20: =IFERROR(M20,AD20) -> NORMAL | AW20: =IFERROR(N20,AE20) -> 0 | AX20: =IFERROR(O20,AF20) -> 085713645032
B21: P2 | C21: KENDAL | D21: 1063120250104886 | E21: AISI ULFA LUTHFIANA | F21: Konsumen Aktif M 0 - 6 Lunas | G21: =VLOOKUP(D21,'DATABASE RO'!$B$3:$M$299,4,0) -> CUS063120240408019 | H21: =VLOOKUP(D21,'DATABASE RO'!$B$3:$M$299,5,0) -> YES | I21: =VLOOKUP(D21,'DATABASE RO'!$B$3:$M$299,6,0) -> KEBON ANOM RT 005 /RW 006, Kebongembong, Pagerruyung, KAB-Kendal, 51361 | J21: =VLOOKUP(D21,'DATABASE RO'!$B$3:$M$299,7,0) -> Kebongembong | K21: =VLOOKUP(D21,'DATABASE RO'!$B$3:$M$299,8,0) -> Pagerruyung | L21: =VLOOKUP(D21,'DATABASE RO'!$B$3:$M$299,9,0) -> https://www.google.com/maps/place/7%C2%B001'29.2%22S+110%C2%B001'10.2%22E/@-7.02477,110.0169101,17z/data=!3m1!4b1!4m4!3m3!8m2!3d-7.02477!4d110.019485?entry=ttu&g_ep=EgoyMDI2MDYyOS4wIKXMDSoASAFQAw%3D%3D | M21: =VLOOKUP(D21,'DATABASE RO'!$B$3:$M$299,10,0) -> EXCELLENT | O21: =VLOOKUP(D21,'DATABASE RO'!$B$3:$M$299,12,0) -> 081285997827 | S21: =B21 -> P2 | T21: =C21 -> KENDAL | U21: =D21 -> 1063120250104886 | V21: =E21 -> AISI ULFA LUTHFIANA | X21: =VLOOKUP(V21,'DATABASE RO'!$C$3:$M$185,3,0) -> CUS063120240408019 | Y21: =VLOOKUP(V21,'DATABASE RO'!$C$3:$M$185,4,0) -> YES | Z21: =VLOOKUP(V21,'DATABASE RO'!$C$3:$M$185,5,0) -> KEBON ANOM RT 005 /RW 006, Kebongembong, Pagerruyung, KAB-Kendal, 51361 | AA21: =VLOOKUP(V21,'DATABASE RO'!$C$3:$M$185,6,0) -> Kebongembong | AB21: =VLOOKUP(V21,'DATABASE RO'!$C$3:$M$185,7,0) -> Pagerruyung | AC21: =VLOOKUP(V21,'DATABASE RO'!$C$3:$M$185,8,0) -> https://www.google.com/maps/place/7%C2%B001'29.2%22S+110%C2%B001'10.2%22E/@-7.02477,110.0169101,17z/data=!3m1!4b1!4m4!3m3!8m2!3d-7.02477!4d110.019485?entry=ttu&g_ep=EgoyMDI2MDYyOS4wIKXMDSoASAFQAw%3D%3D | AD21: =VLOOKUP(V21,'DATABASE RO'!$C$3:$M$185,9,0) -> EXCELLENT | AF21: =VLOOKUP(V21,'DATABASE RO'!$C$3:$M$185,11,0) -> 081285997827 | AK21: =B21 -> P2 | AL21: =C21 -> KENDAL | AM21: =D21 -> 1063120250104886 | AN21: =E21 -> AISI ULFA LUTHFIANA | AO21: =F21 -> Konsumen Aktif M 0 - 6 Lunas | AP21: =IFERROR(G21,X21) -> CUS063120240408019 | AQ21: =IFERROR(H21,Y21) -> YES | AR21: =IFERROR(I21,Z21) -> KEBON ANOM RT 005 /RW 006, Kebongembong, Pagerruyung, KAB-Kendal, 51361 | AS21: =IFERROR(J21,AA21) -> Kebongembong | AT21: =IFERROR(K21,AB21) -> Pagerruyung | AU21: =IFERROR(L21,AC21) -> https://www.google.com/maps/place/7%C2%B001'29.2%22S+110%C2%B001'10.2%22E/@-7.02477,110.0169101,17z/data=!3m1!4b1!4m4!3m3!8m2!3d-7.02477!4d110.019485?entry=ttu&g_ep=EgoyMDI2MDYyOS4wIKXMDSoASAFQAw%3D%3D | AV21: =IFERROR(M21,AD21) -> EXCELLENT | AW21: =IFERROR(N21,AE21) -> 0 | AX21: =IFERROR(O21,AF21) -> 081285997827
B22: P2 | C22: KENDAL | D22: 1063120250104897 | E22: MUHLISIN | F22: Konsumen Aktif M 0 - 6 Lunas | G22: =VLOOKUP(D22,'DATABASE RO'!$B$3:$M$299,4,0) -> CUS063120190701682 | H22: =VLOOKUP(D22,'DATABASE RO'!$B$3:$M$299,5,0) -> YES | I22: =VLOOKUP(D22,'DATABASE RO'!$B$3:$M$299,6,0) -> CEPOKOMULYO RT 003 /RW 005, Cepokomulyo, Gemuh, KAB-Kendal, 51356 | J22: =VLOOKUP(D22,'DATABASE RO'!$B$3:$M$299,7,0) -> Cepokomulyo | K22: =VLOOKUP(D22,'DATABASE RO'!$B$3:$M$299,8,0) -> Gemuh | L22: =VLOOKUP(D22,'DATABASE RO'!$B$3:$M$299,9,0) -> google.com/maps?z=12&t=m&q=loc:-6.992719+110.128260 | M22: =VLOOKUP(D22,'DATABASE RO'!$B$3:$M$299,10,0) -> EXCELLENT | O22: =VLOOKUP(D22,'DATABASE RO'!$B$3:$M$299,12,0) -> 082128848247 | S22: =B22 -> P2 | T22: =C22 -> KENDAL | U22: =D22 -> 1063120250104897 | V22: =E22 -> MUHLISIN | X22: =VLOOKUP(V22,'DATABASE RO'!$C$3:$M$185,3,0) -> CUS063120190701682 | Y22: =VLOOKUP(V22,'DATABASE RO'!$C$3:$M$185,4,0) -> YES | Z22: =VLOOKUP(V22,'DATABASE RO'!$C$3:$M$185,5,0) -> CEPOKOMULYO RT 003 /RW 005, Cepokomulyo, Gemuh, KAB-Kendal, 51356 | AA22: =VLOOKUP(V22,'DATABASE RO'!$C$3:$M$185,6,0) -> Cepokomulyo | AB22: =VLOOKUP(V22,'DATABASE RO'!$C$3:$M$185,7,0) -> Gemuh | AC22: =VLOOKUP(V22,'DATABASE RO'!$C$3:$M$185,8,0) -> google.com/maps?z=12&t=m&q=loc:-6.992719+110.128260 | AD22: =VLOOKUP(V22,'DATABASE RO'!$C$3:$M$185,9,0) -> EXCELLENT | AF22: =VLOOKUP(V22,'DATABASE RO'!$C$3:$M$185,11,0) -> 082128848247 | AK22: =B22 -> P2 | AL22: =C22 -> KENDAL | AM22: =D22 -> 1063120250104897 | AN22: =E22 -> MUHLISIN | AO22: =F22 -> Konsumen Aktif M 0 - 6 Lunas | AP22: =IFERROR(G22,X22) -> CUS063120190701682 | AQ22: =IFERROR(H22,Y22) -> YES | AR22: =IFERROR(I22,Z22) -> CEPOKOMULYO RT 003 /RW 005, Cepokomulyo, Gemuh, KAB-Kendal, 51356 | AS22: =IFERROR(J22,AA22) -> Cepokomulyo | AT22: =IFERROR(K22,AB22) -> Gemuh | AU22: =IFERROR(L22,AC22) -> google.com/maps?z=12&t=m&q=loc:-6.992719+110.128260 | AV22: =IFERROR(M22,AD22) -> EXCELLENT | AW22: =IFERROR(N22,AE22) -> 0 | AX22: =IFERROR(O22,AF22) -> 082128848247
A23: VLOOKUP NAMA | B23: P2 | C23: KENDAL | D23: 1063120250104901 | E23: PURNOMOSIDI | F23: Konsumen Aktif M 0 - 6 Lunas | G23: =VLOOKUP(D23,'DATABASE RO'!$B$3:$M$299,4,0) -> #N/A | H23: =VLOOKUP(D23,'DATABASE RO'!$B$3:$M$299,5,0) -> #N/A | I23: =VLOOKUP(D23,'DATABASE RO'!$B$3:$M$299,6,0) -> #N/A | J23: =VLOOKUP(D23,'DATABASE RO'!$B$3:$M$299,7,0) -> #N/A | K23: =VLOOKUP(D23,'DATABASE RO'!$B$3:$M$299,8,0) -> #N/A | L23: =VLOOKUP(D23,'DATABASE RO'!$B$3:$M$299,9,0) -> #N/A | M23: =VLOOKUP(D23,'DATABASE RO'!$B$3:$M$299,10,0) -> #N/A | O23: =VLOOKUP(D23,'DATABASE RO'!$B$3:$M$299,12,0) -> #N/A | S23: =B23 -> P2 | T23: =C23 -> KENDAL | U23: =D23 -> 1063120250104901 | V23: =E23 -> PURNOMOSIDI | X23: =VLOOKUP(V23,'DATABASE RO'!$C$3:$M$185,3,0) -> P19002058659 | Y23: =VLOOKUP(V23,'DATABASE RO'!$C$3:$M$185,4,0) -> YES | Z23: =VLOOKUP(V23,'DATABASE RO'!$C$3:$M$185,5,0) -> PERUM GRAHA RAYA NO. 265 RT 008 /RW 010, Sarirejo, Kaliwungu, KAB-Kendal, 51372 | AA23: =VLOOKUP(V23,'DATABASE RO'!$C$3:$M$185,6,0) -> Sarirejo | AB23: =VLOOKUP(V23,'DATABASE RO'!$C$3:$M$185,7,0) -> Kaliwungu | AC23: =VLOOKUP(V23,'DATABASE RO'!$C$3:$M$185,8,0) -> http://maps.google.com/maps?z=12&t=m&q=loc:-6.942429+110.253472 | AD23: =VLOOKUP(V23,'DATABASE RO'!$C$3:$M$185,9,0) -> EXCELLENT | AF23: =VLOOKUP(V23,'DATABASE RO'!$C$3:$M$185,11,0) -> 0812 - 25579340 | AJ23: VLOOKUP NAMA | AK23: =B23 -> P2 | AL23: =C23 -> KENDAL | AM23: =D23 -> 1063120250104901 | AN23: =E23 -> PURNOMOSIDI | AO23: =F23 -> Konsumen Aktif M 0 - 6 Lunas | AP23: =IFERROR(G23,X23) -> P19002058659 | AQ23: =IFERROR(H23,Y23) -> YES | AR23: =IFERROR(I23,Z23) -> PERUM GRAHA RAYA NO. 265 RT 008 /RW 010, Sarirejo, Kaliwungu, KAB-Kendal, 51372 | AS23: =IFERROR(J23,AA23) -> Sarirejo | AT23: =IFERROR(K23,AB23) -> Kaliwungu | AU23: =IFERROR(L23,AC23) -> http://maps.google.com/maps?z=12&t=m&q=loc:-6.942429+110.253472 | AV23: =IFERROR(M23,AD23) -> EXCELLENT | AW23: =IFERROR(N23,AE23) -> 0 | AX23: =IFERROR(O23,AF23) -> 0812 - 25579340
A24: VLOOKUP NAMA | B24: P2 | C24: KENDAL | D24: 1063120250104907 | E24: TITIN GIARSI | F24: Konsumen Aktif M 0 - 6 Lunas | G24: =VLOOKUP(D24,'DATABASE RO'!$B$3:$M$299,4,0) -> #N/A | H24: =VLOOKUP(D24,'DATABASE RO'!$B$3:$M$299,5,0) -> #N/A | I24: =VLOOKUP(D24,'DATABASE RO'!$B$3:$M$299,6,0) -> #N/A | J24: =VLOOKUP(D24,'DATABASE RO'!$B$3:$M$299,7,0) -> #N/A | K24: =VLOOKUP(D24,'DATABASE RO'!$B$3:$M$299,8,0) -> #N/A | L24: =VLOOKUP(D24,'DATABASE RO'!$B$3:$M$299,9,0) -> #N/A | M24: =VLOOKUP(D24,'DATABASE RO'!$B$3:$M$299,10,0) -> #N/A | O24: =VLOOKUP(D24,'DATABASE RO'!$B$3:$M$299,12,0) -> #N/A | S24: =B24 -> P2 | T24: =C24 -> KENDAL | U24: =D24 -> 1063120250104907 | V24: =E24 -> TITIN GIARSI | X24: =VLOOKUP(V24,'DATABASE RO'!$C$3:$M$185,3,0) -> #N/A | Y24: =VLOOKUP(V24,'DATABASE RO'!$C$3:$M$185,4,0) -> #N/A | Z24: =VLOOKUP(V24,'DATABASE RO'!$C$3:$M$185,5,0) -> #N/A | AA24: =VLOOKUP(V24,'DATABASE RO'!$C$3:$M$185,6,0) -> #N/A | AB24: =VLOOKUP(V24,'DATABASE RO'!$C$3:$M$185,7,0) -> #N/A | AC24: =VLOOKUP(V24,'DATABASE RO'!$C$3:$M$185,8,0) -> #N/A | AD24: =VLOOKUP(V24,'DATABASE RO'!$C$3:$M$185,9,0) -> #N/A | AF24: =VLOOKUP(V24,'DATABASE RO'!$C$3:$M$185,11,0) -> #N/A | AJ24: VLOOKUP NAMA | AK24: =B24 -> P2 | AL24: =C24 -> KENDAL | AM24: =D24 -> 1063120250104907 | AN24: =E24 -> TITIN GIARSI | AO24: =F24 -> Konsumen Aktif M 0 - 6 Lunas | AP24: =IFERROR(G24,X24) -> #N/A | AQ24: =IFERROR(H24,Y24) -> #N/A | AR24: =IFERROR(I24,Z24) -> #N/A | AS24: =IFERROR(J24,AA24) -> #N/A | AT24: =IFERROR(K24,AB24) -> #N/A | AU24: =IFERROR(L24,AC24) -> #N/A | AV24: =IFERROR(M24,AD24) -> #N/A | AW24: =IFERROR(N24,AE24) -> 0 | AX24: =IFERROR(O24,AF24) -> #N/A
A25: VLOOKUP NAMA | B25: P2 | C25: KENDAL | D25: 1063120250204915 | E25: SITI ROHMAH | F25: Konsumen Aktif M 0 - 6 Lunas | G25: =VLOOKUP(D25,'DATABASE RO'!$B$3:$M$299,4,0) -> #N/A | H25: =VLOOKUP(D25,'DATABASE RO'!$B$3:$M$299,5,0) -> #N/A | I25: =VLOOKUP(D25,'DATABASE RO'!$B$3:$M$299,6,0) -> #N/A | J25: =VLOOKUP(D25,'DATABASE RO'!$B$3:$M$299,7,0) -> #N/A | K25: =VLOOKUP(D25,'DATABASE RO'!$B$3:$M$299,8,0) -> #N/A | L25: =VLOOKUP(D25,'DATABASE RO'!$B$3:$M$299,9,0) -> #N/A | M25: =VLOOKUP(D25,'DATABASE RO'!$B$3:$M$299,10,0) -> #N/A | O25: =VLOOKUP(D25,'DATABASE RO'!$B$3:$M$299,12,0) -> #N/A | S25: =B25 -> P2 | T25: =C25 -> KENDAL | U25: =D25 -> 1063120250204915 | V25: =E25 -> SITI ROHMAH | X25: =VLOOKUP(V25,'DATABASE RO'!$C$3:$M$185,3,0) -> #N/A | Y25: =VLOOKUP(V25,'DATABASE RO'!$C$3:$M$185,4,0) -> #N/A | Z25: =VLOOKUP(V25,'DATABASE RO'!$C$3:$M$185,5,0) -> #N/A | AA25: =VLOOKUP(V25,'DATABASE RO'!$C$3:$M$185,6,0) -> #N/A | AB25: =VLOOKUP(V25,'DATABASE RO'!$C$3:$M$185,7,0) -> #N/A | AC25: =VLOOKUP(V25,'DATABASE RO'!$C$3:$M$185,8,0) -> #N/A | AD25: =VLOOKUP(V25,'DATABASE RO'!$C$3:$M$185,9,0) -> #N/A | AF25: =VLOOKUP(V25,'DATABASE RO'!$C$3:$M$185,11,0) -> #N/A | AJ25: VLOOKUP NAMA | AK25: =B25 -> P2 | AL25: =C25 -> KENDAL | AM25: =D25 -> 1063120250204915 | AN25: =E25 -> SITI ROHMAH | AO25: =F25 -> Konsumen Aktif M 0 - 6 Lunas | AP25: =IFERROR(G25,X25) -> #N/A | AQ25: =IFERROR(H25,Y25) -> #N/A | AR25: =IFERROR(I25,Z25) -> #N/A | AS25: =IFERROR(J25,AA25) -> #N/A | AT25: =IFERROR(K25,AB25) -> #N/A | AU25: =IFERROR(L25,AC25) -> #N/A | AV25: =IFERROR(M25,AD25) -> #N/A | AW25: =IFERROR(N25,AE25) -> 0 | AX25: =IFERROR(O25,AF25) -> #N/A
A26: VLOOKUP NAMA | B26: P2 | C26: KENDAL | D26: 1063120250204922 | E26: AHMAD SAIFUL | F26: Konsumen Aktif M 0 - 6 Lunas | G26: =VLOOKUP(D26,'DATABASE RO'!$B$3:$M$299,4,0) -> #N/A | H26: =VLOOKUP(D26,'DATABASE RO'!$B$3:$M$299,5,0) -> #N/A | I26: =VLOOKUP(D26,'DATABASE RO'!$B$3:$M$299,6,0) -> #N/A | J26: =VLOOKUP(D26,'DATABASE RO'!$B$3:$M$299,7,0) -> #N/A | K26: =VLOOKUP(D26,'DATABASE RO'!$B$3:$M$299,8,0) -> #N/A | L26: =VLOOKUP(D26,'DATABASE RO'!$B$3:$M$299,9,0) -> #N/A | M26: =VLOOKUP(D26,'DATABASE RO'!$B$3:$M$299,10,0) -> #N/A | O26: =VLOOKUP(D26,'DATABASE RO'!$B$3:$M$299,12,0) -> #N/A | S26: =B26 -> P2 | T26: =C26 -> KENDAL | U26: =D26 -> 1063120250204922 | V26: =E26 -> AHMAD SAIFUL | X26: =VLOOKUP(V26,'DATABASE RO'!$C$3:$M$185,3,0) -> #N/A | Y26: =VLOOKUP(V26,'DATABASE RO'!$C$3:$M$185,4,0) -> #N/A | Z26: =VLOOKUP(V26,'DATABASE RO'!$C$3:$M$185,5,0) -> #N/A | AA26: =VLOOKUP(V26,'DATABASE RO'!$C$3:$M$185,6,0) -> #N/A | AB26: =VLOOKUP(V26,'DATABASE RO'!$C$3:$M$185,7,0) -> #N/A | AC26: =VLOOKUP(V26,'DATABASE RO'!$C$3:$M$185,8,0) -> #N/A | AD26: =VLOOKUP(V26,'DATABASE RO'!$C$3:$M$185,9,0) -> #N/A | AF26: =VLOOKUP(V26,'DATABASE RO'!$C$3:$M$185,11,0) -> #N/A | AJ26: VLOOKUP NAMA | AK26: =B26 -> P2 | AL26: =C26 -> KENDAL | AM26: =D26 -> 1063120250204922 | AN26: =E26 -> AHMAD SAIFUL | AO26: =F26 -> Konsumen Aktif M 0 - 6 Lunas | AP26: =IFERROR(G26,X26) -> #N/A | AQ26: =IFERROR(H26,Y26) -> #N/A | AR26: =IFERROR(I26,Z26) -> #N/A | AS26: =IFERROR(J26,AA26) -> #N/A | AT26: =IFERROR(K26,AB26) -> #N/A | AU26: =IFERROR(L26,AC26) -> #N/A | AV26: =IFERROR(M26,AD26) -> #N/A | AW26: =IFERROR(N26,AE26) -> 0 | AX26: =IFERROR(O26,AF26) -> #N/A
A27: VLOOKUP NAMA | B27: P2 | C27: KENDAL | D27: 1063120250204926 | E27: Sumarno | F27: Konsumen Aktif M 0 - 6 Lunas | G27: =VLOOKUP(D27,'DATABASE RO'!$B$3:$M$299,4,0) -> #N/A | H27: =VLOOKUP(D27,'DATABASE RO'!$B$3:$M$299,5,0) -> #N/A | I27: =VLOOKUP(D27,'DATABASE RO'!$B$3:$M$299,6,0) -> #N/A | J27: =VLOOKUP(D27,'DATABASE RO'!$B$3:$M$299,7,0) -> #N/A | K27: =VLOOKUP(D27,'DATABASE RO'!$B$3:$M$299,8,0) -> #N/A | L27: =VLOOKUP(D27,'DATABASE RO'!$B$3:$M$299,9,0) -> #N/A | M27: =VLOOKUP(D27,'DATABASE RO'!$B$3:$M$299,10,0) -> #N/A | O27: =VLOOKUP(D27,'DATABASE RO'!$B$3:$M$299,12,0) -> #N/A | S27: =B27 -> P2 | T27: =C27 -> KENDAL | U27: =D27 -> 1063120250204926 | V27: =E27 -> Sumarno | X27: =VLOOKUP(V27,'DATABASE RO'!$C$3:$M$185,3,0) -> #N/A | Y27: =VLOOKUP(V27,'DATABASE RO'!$C$3:$M$185,4,0) -> #N/A | Z27: =VLOOKUP(V27,'DATABASE RO'!$C$3:$M$185,5,0) -> #N/A | AA27: =VLOOKUP(V27,'DATABASE RO'!$C$3:$M$185,6,0) -> #N/A | AB27: =VLOOKUP(V27,'DATABASE RO'!$C$3:$M$185,7,0) -> #N/A | AC27: =VLOOKUP(V27,'DATABASE RO'!$C$3:$M$185,8,0) -> #N/A | AD27: =VLOOKUP(V27,'DATABASE RO'!$C$3:$M$185,9,0) -> #N/A | AF27: =VLOOKUP(V27,'DATABASE RO'!$C$3:$M$185,11,0) -> #N/A | AJ27: VLOOKUP NAMA | AK27: =B27 -> P2 | AL27: =C27 -> KENDAL | AM27: =D27 -> 1063120250204926 | AN27: =E27 -> Sumarno | AO27: =F27 -> Konsumen Aktif M 0 - 6 Lunas | AP27: =IFERROR(G27,X27) -> #N/A | AQ27: =IFERROR(H27,Y27) -> #N/A | AR27: =IFERROR(I27,Z27) -> #N/A | AS27: =IFERROR(J27,AA27) -> #N/A | AT27: =IFERROR(K27,AB27) -> #N/A | AU27: =IFERROR(L27,AC27) -> #N/A | AV27: =IFERROR(M27,AD27) -> #N/A | AW27: =IFERROR(N27,AE27) -> 0 | AX27: =IFERROR(O27,AF27) -> #N/A
A28: VLOOKUP NAMA | B28: P2 | C28: KENDAL | D28: 1063120250204928 | E28: Eli Finafatul Munawaroh | F28: Konsumen Aktif M 0 - 6 Lunas | G28: =VLOOKUP(D28,'DATABASE RO'!$B$3:$M$299,4,0) -> #N/A | H28: =VLOOKUP(D28,'DATABASE RO'!$B$3:$M$299,5,0) -> #N/A | I28: =VLOOKUP(D28,'DATABASE RO'!$B$3:$M$299,6,0) -> #N/A | J28: =VLOOKUP(D28,'DATABASE RO'!$B$3:$M$299,7,0) -> #N/A | K28: =VLOOKUP(D28,'DATABASE RO'!$B$3:$M$299,8,0) -> #N/A | L28: =VLOOKUP(D28,'DATABASE RO'!$B$3:$M$299,9,0) -> #N/A | M28: =VLOOKUP(D28,'DATABASE RO'!$B$3:$M$299,10,0) -> #N/A | O28: =VLOOKUP(D28,'DATABASE RO'!$B$3:$M$299,12,0) -> #N/A | S28: =B28 -> P2 | T28: =C28 -> KENDAL | U28: =D28 -> 1063120250204928 | V28: =E28 -> Eli Finafatul Munawaroh | X28: =VLOOKUP(V28,'DATABASE RO'!$C$3:$M$185,3,0) -> #N/A | Y28: =VLOOKUP(V28,'DATABASE RO'!$C$3:$M$185,4,0) -> #N/A | Z28: =VLOOKUP(V28,'DATABASE RO'!$C$3:$M$185,5,0) -> #N/A | AA28: =VLOOKUP(V28,'DATABASE RO'!$C$3:$M$185,6,0) -> #N/A | AB28: =VLOOKUP(V28,'DATABASE RO'!$C$3:$M$185,7,0) -> #N/A | AC28: =VLOOKUP(V28,'DATABASE RO'!$C$3:$M$185,8,0) -> #N/A | AD28: =VLOOKUP(V28,'DATABASE RO'!$C$3:$M$185,9,0) -> #N/A | AF28: =VLOOKUP(V28,'DATABASE RO'!$C$3:$M$185,11,0) -> #N/A | AJ28: VLOOKUP NAMA | AK28: =B28 -> P2 | AL28: =C28 -> KENDAL | AM28: =D28 -> 1063120250204928 | AN28: =E28 -> Eli Finafatul Munawaroh | AO28: =F28 -> Konsumen Aktif M 0 - 6 Lunas | AP28: =IFERROR(G28,X28) -> #N/A | AQ28: =IFERROR(H28,Y28) -> #N/A | AR28: =IFERROR(I28,Z28) -> #N/A | AS28: =IFERROR(J28,AA28) -> #N/A | AT28: =IFERROR(K28,AB28) -> #N/A | AU28: =IFERROR(L28,AC28) -> #N/A | AV28: =IFERROR(M28,AD28) -> #N/A | AW28: =IFERROR(N28,AE28) -> 0 | AX28: =IFERROR(O28,AF28) -> #N/A
B29: P2 | C29: KENDAL | D29: 1063120250204930 | E29: ISROPI | F29: Konsumen Aktif M 0 - 6 Lunas | G29: =VLOOKUP(D29,'DATABASE RO'!$B$3:$M$299,4,0) -> CUS063120240608105 | H29: =VLOOKUP(D29,'DATABASE RO'!$B$3:$M$299,5,0) -> YES | I29: =VLOOKUP(D29,'DATABASE RO'!$B$3:$M$299,6,0) -> KEPYAR RT 001 /RW 002, Tlogopayung, Plantungan, KAB-Kendal, 51362 | J29: =VLOOKUP(D29,'DATABASE RO'!$B$3:$M$299,7,0) -> TLOGOPAYUNG | K29: =VLOOKUP(D29,'DATABASE RO'!$B$3:$M$299,8,0) -> PLANTUNGAN | L29: =VLOOKUP(D29,'DATABASE RO'!$B$3:$M$299,9,0) -> https://www.google.com/maps?z=12&t=m&q=loc:-7.119953+109.962283 | M29: =VLOOKUP(D29,'DATABASE RO'!$B$3:$M$299,10,0) -> EXCELLENT | O29: =VLOOKUP(D29,'DATABASE RO'!$B$3:$M$299,12,0) -> 082313738718 | S29: =B29 -> P2 | T29: =C29 -> KENDAL | U29: =D29 -> 1063120250204930 | V29: =E29 -> ISROPI | X29: =VLOOKUP(V29,'DATABASE RO'!$C$3:$M$185,3,0) -> CUS063120240608105 | Y29: =VLOOKUP(V29,'DATABASE RO'!$C$3:$M$185,4,0) -> YES | Z29: =VLOOKUP(V29,'DATABASE RO'!$C$3:$M$185,5,0) -> KEPYAR RT 001 /RW 002, Tlogopayung, Plantungan, KAB-Kendal, 51362 | AA29: =VLOOKUP(V29,'DATABASE RO'!$C$3:$M$185,6,0) -> TLOGOPAYUNG | AB29: =VLOOKUP(V29,'DATABASE RO'!$C$3:$M$185,7,0) -> PLANTUNGAN | AC29: =VLOOKUP(V29,'DATABASE RO'!$C$3:$M$185,8,0) -> https://www.google.com/maps?z=12&t=m&q=loc:-7.119953+109.962283 | AD29: =VLOOKUP(V29,'DATABASE RO'!$C$3:$M$185,9,0) -> EXCELLENT | AF29: =VLOOKUP(V29,'DATABASE RO'!$C$3:$M$185,11,0) -> 082313738718 | AK29: =B29 -> P2 | AL29: =C29 -> KENDAL | AM29: =D29 -> 1063120250204930 | AN29: =E29 -> ISROPI | AO29: =F29 -> Konsumen Aktif M 0 - 6 Lunas | AP29: =IFERROR(G29,X29) -> CUS063120240608105 | AQ29: =IFERROR(H29,Y29) -> YES | AR29: =IFERROR(I29,Z29) -> KEPYAR RT 001 /RW 002, Tlogopayung, Plantungan, KAB-Kendal, 51362 | AS29: =IFERROR(J29,AA29) -> TLOGOPAYUNG | AT29: =IFERROR(K29,AB29) -> PLANTUNGAN | AU29: =IFERROR(L29,AC29) -> https://www.google.com/maps?z=12&t=m&q=loc:-7.119953+109.962283 | AV29: =IFERROR(M29,AD29) -> EXCELLENT | AW29: =IFERROR(N29,AE29) -> 0 | AX29: =IFERROR(O29,AF29) -> 082313738718
A30: VLOOKUP NAMA | B30: P2 | C30: KENDAL | D30: 1063120250304942 | E30: DWI TJONDRO SULISTIYOWATI | F30: Konsumen Aktif M 0 - 6 Lunas | G30: =VLOOKUP(D30,'DATABASE RO'!$B$3:$M$299,4,0) -> #N/A | H30: =VLOOKUP(D30,'DATABASE RO'!$B$3:$M$299,5,0) -> #N/A | I30: =VLOOKUP(D30,'DATABASE RO'!$B$3:$M$299,6,0) -> #N/A | J30: =VLOOKUP(D30,'DATABASE RO'!$B$3:$M$299,7,0) -> #N/A | K30: =VLOOKUP(D30,'DATABASE RO'!$B$3:$M$299,8,0) -> #N/A | L30: =VLOOKUP(D30,'DATABASE RO'!$B$3:$M$299,9,0) -> #N/A | M30: =VLOOKUP(D30,'DATABASE RO'!$B$3:$M$299,10,0) -> #N/A | O30: =VLOOKUP(D30,'DATABASE RO'!$B$3:$M$299,12,0) -> #N/A | S30: =B30 -> P2 | T30: =C30 -> KENDAL | U30: =D30 -> 1063120250304942 | V30: =E30 -> DWI TJONDRO SULISTIYOWATI | X30: =VLOOKUP(V30,'DATABASE RO'!$C$3:$M$185,3,0) -> #N/A | Y30: =VLOOKUP(V30,'DATABASE RO'!$C$3:$M$185,4,0) -> #N/A | Z30: =VLOOKUP(V30,'DATABASE RO'!$C$3:$M$185,5,0) -> #N/A | AA30: =VLOOKUP(V30,'DATABASE RO'!$C$3:$M$185,6,0) -> #N/A | AB30: =VLOOKUP(V30,'DATABASE RO'!$C$3:$M$185,7,0) -> #N/A | AC30: =VLOOKUP(V30,'DATABASE RO'!$C$3:$M$185,8,0) -> #N/A | AD30: =VLOOKUP(V30,'DATABASE RO'!$C$3:$M$185,9,0) -> #N/A | AF30: =VLOOKUP(V30,'DATABASE RO'!$C$3:$M$185,11,0) -> #N/A | AJ30: VLOOKUP NAMA | AK30: =B30 -> P2 | AL30: =C30 -> KENDAL | AM30: =D30 -> 1063120250304942 | AN30: =E30 -> DWI TJONDRO SULISTIYOWATI | AO30: =F30 -> Konsumen Aktif M 0 - 6 Lunas | AP30: =IFERROR(G30,X30) -> #N/A | AQ30: =IFERROR(H30,Y30) -> #N/A | AR30: =IFERROR(I30,Z30) -> #N/A | AS30: =IFERROR(J30,AA30) -> #N/A | AT30: =IFERROR(K30,AB30) -> #N/A | AU30: =IFERROR(L30,AC30) -> #N/A | AV30: =IFERROR(M30,AD30) -> #N/A | AW30: =IFERROR(N30,AE30) -> 0 | AX30: =IFERROR(O30,AF30) -> #N/A
A31: VLOOKUP NAMA | B31: P2 | C31: KENDAL | D31: 1063120250304964 | E31: SURYANTO | F31: Konsumen Aktif M 0 - 6 Lunas | G31: =VLOOKUP(D31,'DATABASE RO'!$B$3:$M$299,4,0) -> #N/A | H31: =VLOOKUP(D31,'DATABASE RO'!$B$3:$M$299,5,0) -> #N/A | I31: =VLOOKUP(D31,'DATABASE RO'!$B$3:$M$299,6,0) -> #N/A | J31: =VLOOKUP(D31,'DATABASE RO'!$B$3:$M$299,7,0) -> #N/A | K31: =VLOOKUP(D31,'DATABASE RO'!$B$3:$M$299,8,0) -> #N/A | L31: =VLOOKUP(D31,'DATABASE RO'!$B$3:$M$299,9,0) -> #N/A | M31: =VLOOKUP(D31,'DATABASE RO'!$B$3:$M$299,10,0) -> #N/A | O31: =VLOOKUP(D31,'DATABASE RO'!$B$3:$M$299,12,0) -> #N/A | S31: =B31 -> P2 | T31: =C31 -> KENDAL | U31: =D31 -> 1063120250304964 | V31: =E31 -> SURYANTO | X31: =VLOOKUP(V31,'DATABASE RO'!$C$3:$M$185,3,0) -> #N/A | Y31: =VLOOKUP(V31,'DATABASE RO'!$C$3:$M$185,4,0) -> #N/A | Z31: =VLOOKUP(V31,'DATABASE RO'!$C$3:$M$185,5,0) -> #N/A | AA31: =VLOOKUP(V31,'DATABASE RO'!$C$3:$M$185,6,0) -> #N/A | AB31: =VLOOKUP(V31,'DATABASE RO'!$C$3:$M$185,7,0) -> #N/A | AC31: =VLOOKUP(V31,'DATABASE RO'!$C$3:$M$185,8,0) -> #N/A | AD31: =VLOOKUP(V31,'DATABASE RO'!$C$3:$M$185,9,0) -> #N/A | AF31: =VLOOKUP(V31,'DATABASE RO'!$C$3:$M$185,11,0) -> #N/A | AJ31: VLOOKUP NAMA | AK31: =B31 -> P2 | AL31: =C31 -> KENDAL | AM31: =D31 -> 1063120250304964 | AN31: =E31 -> SURYANTO | AO31: =F31 -> Konsumen Aktif M 0 - 6 Lunas | AP31: =IFERROR(G31,X31) -> #N/A | AQ31: =IFERROR(H31,Y31) -> #N/A | AR31: =IFERROR(I31,Z31) -> #N/A | AS31: =IFERROR(J31,AA31) -> #N/A | AT31: =IFERROR(K31,AB31) -> #N/A | AU31: =IFERROR(L31,AC31) -> #N/A | AV31: =IFERROR(M31,AD31) -> #N/A | AW31: =IFERROR(N31,AE31) -> 0 | AX31: =IFERROR(O31,AF31) -> #N/A
B32: P2 | C32: KENDAL | D32: 1063120250404995 | E32: NURSALIM | F32: Konsumen Aktif M 0 - 6 Lunas | G32: =VLOOKUP(D32,'DATABASE RO'!$B$3:$M$299,4,0) -> P19002062843 | H32: =VLOOKUP(D32,'DATABASE RO'!$B$3:$M$299,5,0) -> YES | I32: =VLOOKUP(D32,'DATABASE RO'!$B$3:$M$299,6,0) -> Krajan RT 003 /RW 001, Karanganyar, Plantungan, KAB-Kendal, 51362 | J32: =VLOOKUP(D32,'DATABASE RO'!$B$3:$M$299,7,0) -> Karanganyar | K32: =VLOOKUP(D32,'DATABASE RO'!$B$3:$M$299,8,0) -> Plantungan | L32: =VLOOKUP(D32,'DATABASE RO'!$B$3:$M$299,9,0) -> https://www.google.com/maps?z=12&t=m&q=loc:-7.079079+109.987101 | M32: =VLOOKUP(D32,'DATABASE RO'!$B$3:$M$299,10,0) -> GOOD | O32: =VLOOKUP(D32,'DATABASE RO'!$B$3:$M$299,12,0) -> 0877 - 11036604 | S32: =B32 -> P2 | T32: =C32 -> KENDAL | U32: =D32 -> 1063120250404995 | V32: =E32 -> NURSALIM | X32: =VLOOKUP(V32,'DATABASE RO'!$C$3:$M$185,3,0) -> P19002062843 | Y32: =VLOOKUP(V32,'DATABASE RO'!$C$3:$M$185,4,0) -> YES | Z32: =VLOOKUP(V32,'DATABASE RO'!$C$3:$M$185,5,0) -> Krajan RT 003 /RW 001, Karanganyar, Plantungan, KAB-Kendal, 51362 | AA32: =VLOOKUP(V32,'DATABASE RO'!$C$3:$M$185,6,0) -> Karanganyar | AB32: =VLOOKUP(V32,'DATABASE RO'!$C$3:$M$185,7,0) -> Plantungan | AC32: =VLOOKUP(V32,'DATABASE RO'!$C$3:$M$185,8,0) -> https://www.google.com/maps?z=12&t=m&q=loc:-7.079079+109.987101 | AD32: =VLOOKUP(V32,'DATABASE RO'!$C$3:$M$185,9,0) -> GOOD | AF32: =VLOOKUP(V32,'DATABASE RO'!$C$3:$M$185,11,0) -> 0877 - 11036604 | AK32: =B32 -> P2 | AL32: =C32 -> KENDAL | AM32: =D32 -> 1063120250404995 | AN32: =E32 -> NURSALIM | AO32: =F32 -> Konsumen Aktif M 0 - 6 Lunas | AP32: =IFERROR(G32,X32) -> P19002062843 | AQ32: =IFERROR(H32,Y32) -> YES | AR32: =IFERROR(I32,Z32) -> Krajan RT 003 /RW 001, Karanganyar, Plantungan, KAB-Kendal, 51362 | AS32: =IFERROR(J32,AA32) -> Karanganyar | AT32: =IFERROR(K32,AB32) -> Plantungan | AU32: =IFERROR(L32,AC32) -> https://www.google.com/maps?z=12&t=m&q=loc:-7.079079+109.987101 | AV32: =IFERROR(M32,AD32) -> GOOD | AW32: =IFERROR(N32,AE32) -> 0 | AX32: =IFERROR(O32,AF32) -> 0877 - 11036604
B33: P2 | C33: KENDAL | D33: 1063120250505020 | E33: SITI ROYATUN | F33: Konsumen Aktif M 0 - 6 Lunas | G33: =VLOOKUP(D33,'DATABASE RO'!$B$3:$M$299,4,0) -> P19002064959 | H33: =VLOOKUP(D33,'DATABASE RO'!$B$3:$M$299,5,0) -> YES | I33: =VLOOKUP(D33,'DATABASE RO'!$B$3:$M$299,6,0) -> DUSUN GLANDANG RT 001 /RW 004, Kedungsuren, Kaliwungu Selatan, KAB-Kendal, 51372 | J33: =VLOOKUP(D33,'DATABASE RO'!$B$3:$M$299,7,0) -> Kedungsuren | K33: =VLOOKUP(D33,'DATABASE RO'!$B$3:$M$299,8,0) -> Kaliwungu Selatan | L33: =VLOOKUP(D33,'DATABASE RO'!$B$3:$M$299,9,0) -> TIDAK ADA | M33: =VLOOKUP(D33,'DATABASE RO'!$B$3:$M$299,10,0) -> EXCELLENT | O33: =VLOOKUP(D33,'DATABASE RO'!$B$3:$M$299,12,0) -> 0882 - 008249080 | S33: =B33 -> P2 | T33: =C33 -> KENDAL | U33: =D33 -> 1063120250505020 | V33: =E33 -> SITI ROYATUN | X33: =VLOOKUP(V33,'DATABASE RO'!$C$3:$M$185,3,0) -> P19002064959 | Y33: =VLOOKUP(V33,'DATABASE RO'!$C$3:$M$185,4,0) -> YES | Z33: =VLOOKUP(V33,'DATABASE RO'!$C$3:$M$185,5,0) -> DUSUN GLANDANG RT 001 /RW 004, Kedungsuren, Kaliwungu Selatan, KAB-Kendal, 51372 | AA33: =VLOOKUP(V33,'DATABASE RO'!$C$3:$M$185,6,0) -> Kedungsuren | AB33: =VLOOKUP(V33,'DATABASE RO'!$C$3:$M$185,7,0) -> Kaliwungu Selatan | AC33: =VLOOKUP(V33,'DATABASE RO'!$C$3:$M$185,8,0) -> TIDAK ADA | AD33: =VLOOKUP(V33,'DATABASE RO'!$C$3:$M$185,9,0) -> EXCELLENT | AF33: =VLOOKUP(V33,'DATABASE RO'!$C$3:$M$185,11,0) -> 0882 - 008249080 | AK33: =B33 -> P2 | AL33: =C33 -> KENDAL | AM33: =D33 -> 1063120250505020 | AN33: =E33 -> SITI ROYATUN | AO33: =F33 -> Konsumen Aktif M 0 - 6 Lunas | AP33: =IFERROR(G33,X33) -> P19002064959 | AQ33: =IFERROR(H33,Y33) -> YES | AR33: =IFERROR(I33,Z33) -> DUSUN GLANDANG RT 001 /RW 004, Kedungsuren, Kaliwungu Selatan, KAB-Kendal, 51372 | AS33: =IFERROR(J33,AA33) -> Kedungsuren | AT33: =IFERROR(K33,AB33) -> Kaliwungu Selatan | AU33: =IFERROR(L33,AC33) -> TIDAK ADA | AV33: =IFERROR(M33,AD33) -> EXCELLENT | AW33: =IFERROR(N33,AE33) -> 0 | AX33: =IFERROR(O33,AF33) -> 0882 - 008249080
B34: P2 | C34: KENDAL | D34: 1063120250505029 | E34: Minayati setiani | F34: Konsumen Aktif M 0 - 6 Lunas | G34: =VLOOKUP(D34,'DATABASE RO'!$B$3:$M$299,4,0) -> CUS063120210905347 | H34: =VLOOKUP(D34,'DATABASE RO'!$B$3:$M$299,5,0) -> NO | I34: =VLOOKUP(D34,'DATABASE RO'!$B$3:$M$299,6,0) -> BUMIAYU RT 008 /RW 003, Bumiayu, Weleri, KAB-Kendal, 51355 | J34: =VLOOKUP(D34,'DATABASE RO'!$B$3:$M$299,7,0) -> Balok | K34: =VLOOKUP(D34,'DATABASE RO'!$B$3:$M$299,8,0) -> Kendal | L34: =VLOOKUP(D34,'DATABASE RO'!$B$3:$M$299,9,0) -> https://www.google.com/maps?z=12&t=m&q=loc:-6.980049+110.073777 | M34: =VLOOKUP(D34,'DATABASE RO'!$B$3:$M$299,10,0) -> EXCELLENT | O34: =VLOOKUP(D34,'DATABASE RO'!$B$3:$M$299,12,0) -> 081904757492 | S34: =B34 -> P2 | T34: =C34 -> KENDAL | U34: =D34 -> 1063120250505029 | V34: =E34 -> Minayati setiani | X34: =VLOOKUP(V34,'DATABASE RO'!$C$3:$M$185,3,0) -> CUS063120210905347 | Y34: =VLOOKUP(V34,'DATABASE RO'!$C$3:$M$185,4,0) -> NO | Z34: =VLOOKUP(V34,'DATABASE RO'!$C$3:$M$185,5,0) -> BUMIAYU RT 008 /RW 003, Bumiayu, Weleri, KAB-Kendal, 51355 | AA34: =VLOOKUP(V34,'DATABASE RO'!$C$3:$M$185,6,0) -> Balok | AB34: =VLOOKUP(V34,'DATABASE RO'!$C$3:$M$185,7,0) -> Kendal | AC34: =VLOOKUP(V34,'DATABASE RO'!$C$3:$M$185,8,0) -> https://www.google.com/maps?z=12&t=m&q=loc:-6.980049+110.073777 | AD34: =VLOOKUP(V34,'DATABASE RO'!$C$3:$M$185,9,0) -> EXCELLENT | AF34: =VLOOKUP(V34,'DATABASE RO'!$C$3:$M$185,11,0) -> 081904757492 | AK34: =B34 -> P2 | AL34: =C34 -> KENDAL | AM34: =D34 -> 1063120250505029 | AN34: =E34 -> Minayati setiani | AO34: =F34 -> Konsumen Aktif M 0 - 6 Lunas | AP34: =IFERROR(G34,X34) -> CUS063120210905347 | AQ34: =IFERROR(H34,Y34) -> NO | AR34: =IFERROR(I34,Z34) -> BUMIAYU RT 008 /RW 003, Bumiayu, Weleri, KAB-Kendal, 51355 | AS34: =IFERROR(J34,AA34) -> Balok | AT34: =IFERROR(K34,AB34) -> Kendal | AU34: =IFERROR(L34,AC34) -> https://www.google.com/maps?z=12&t=m&q=loc:-6.980049+110.073777 | AV34: =IFERROR(M34,AD34) -> EXCELLENT | AW34: =IFERROR(N34,AE34) -> 0 | AX34: =IFERROR(O34,AF34) -> 081904757492
B35: P2 | C35: KENDAL | D35: 1063120250505033 | E35: Listiyo hardiman | F35: Konsumen Aktif M 0 - 6 Lunas | G35: =VLOOKUP(D35,'DATABASE RO'!$B$3:$M$299,4,0) -> CUS063120210805233 | H35: =VLOOKUP(D35,'DATABASE RO'!$B$3:$M$299,5,0) -> NO | I35: =VLOOKUP(D35,'DATABASE RO'!$B$3:$M$299,6,0) -> TRIDI RT 007 /RW 003, Dempelrejo, Ngampel, KENDAL, 51357 | J35: =VLOOKUP(D35,'DATABASE RO'!$B$3:$M$299,7,0) -> Dempelrejo | K35: =VLOOKUP(D35,'DATABASE RO'!$B$3:$M$299,8,0) -> Ngampel | L35: =VLOOKUP(D35,'DATABASE RO'!$B$3:$M$299,9,0) -> https://www.google.com/maps?z=12&t=m&q=loc:-6.954715+110.200846 | M35: =VLOOKUP(D35,'DATABASE RO'!$B$3:$M$299,10,0) -> NORMAL | O35: =VLOOKUP(D35,'DATABASE RO'!$B$3:$M$299,12,0) -> 089653350080 | S35: =B35 -> P2 | T35: =C35 -> KENDAL | U35: =D35 -> 1063120250505033 | V35: =E35 -> Listiyo hardiman | X35: =VLOOKUP(V35,'DATABASE RO'!$C$3:$M$185,3,0) -> CUS063120210805233 | Y35: =VLOOKUP(V35,'DATABASE RO'!$C$3:$M$185,4,0) -> NO | Z35: =VLOOKUP(V35,'DATABASE RO'!$C$3:$M$185,5,0) -> TRIDI RT 007 /RW 003, Dempelrejo, Ngampel, KENDAL, 51357 | AA35: =VLOOKUP(V35,'DATABASE RO'!$C$3:$M$185,6,0) -> Dempelrejo | AB35: =VLOOKUP(V35,'DATABASE RO'!$C$3:$M$185,7,0) -> Ngampel | AC35: =VLOOKUP(V35,'DATABASE RO'!$C$3:$M$185,8,0) -> https://www.google.com/maps?z=12&t=m&q=loc:-6.954715+110.200846 | AD35: =VLOOKUP(V35,'DATABASE RO'!$C$3:$M$185,9,0) -> NORMAL | AF35: =VLOOKUP(V35,'DATABASE RO'!$C$3:$M$185,11,0) -> 089653350080 | AK35: =B35 -> P2 | AL35: =C35 -> KENDAL | AM35: =D35 -> 1063120250505033 | AN35: =E35 -> Listiyo hardiman | AO35: =F35 -> Konsumen Aktif M 0 - 6 Lunas | AP35: =IFERROR(G35,X35) -> CUS063120210805233 | AQ35: =IFERROR(H35,Y35) -> NO | AR35: =IFERROR(I35,Z35) -> TRIDI RT 007 /RW 003, Dempelrejo, Ngampel, KENDAL, 51357 | AS35: =IFERROR(J35,AA35) -> Dempelrejo | AT35: =IFERROR(K35,AB35) -> Ngampel | AU35: =IFERROR(L35,AC35) -> https://www.google.com/maps?z=12&t=m&q=loc:-6.954715+110.200846 | AV35: =IFERROR(M35,AD35) -> NORMAL | AW35: =IFERROR(N35,AE35) -> 0 | AX35: =IFERROR(O35,AF35) -> 089653350080
B36: P2 | C36: KENDAL | D36: 1063120250605071 | E36: EKO SETIAWAN | F36: Konsumen Aktif M 0 - 6 Lunas | G36: =VLOOKUP(D36,'DATABASE RO'!$B$3:$M$299,4,0) -> CUS063120250608712 | H36: =VLOOKUP(D36,'DATABASE RO'!$B$3:$M$299,5,0) -> YES | I36: =VLOOKUP(D36,'DATABASE RO'!$B$3:$M$299,6,0) -> PLELEN LOR RT 004 /RW 003, Plelen, GRINGSING, KAB-Batang, 51281 | J36: =VLOOKUP(D36,'DATABASE RO'!$B$3:$M$299,7,0) -> Plelen | K36: =VLOOKUP(D36,'DATABASE RO'!$B$3:$M$299,8,0) -> Gringsing | L36: =VLOOKUP(D36,'DATABASE RO'!$B$3:$M$299,9,0) -> https://www.google.com/maps?z=12&t=m&q=loc:-6.967304+110.017917 | M36: =VLOOKUP(D36,'DATABASE RO'!$B$3:$M$299,10,0) -> GOOD | O36: =VLOOKUP(D36,'DATABASE RO'!$B$3:$M$299,12,0) -> 082327099341 | S36: =B36 -> P2 | T36: =C36 -> KENDAL | U36: =D36 -> 1063120250605071 | V36: =E36 -> EKO SETIAWAN | X36: =VLOOKUP(V36,'DATABASE RO'!$C$3:$M$185,3,0) -> CUS063120250608712 | Y36: =VLOOKUP(V36,'DATABASE RO'!$C$3:$M$185,4,0) -> YES | Z36: =VLOOKUP(V36,'DATABASE RO'!$C$3:$M$185,5,0) -> PLELEN LOR RT 004 /RW 003, Plelen, GRINGSING, KAB-Batang, 51281 | AA36: =VLOOKUP(V36,'DATABASE RO'!$C$3:$M$185,6,0) -> Plelen | AB36: =VLOOKUP(V36,'DATABASE RO'!$C$3:$M$185,7,0) -> Gringsing | AC36: =VLOOKUP(V36,'DATABASE RO'!$C$3:$M$185,8,0) -> https://www.google.com/maps?z=12&t=m&q=loc:-6.967304+110.017917 | AD36: =VLOOKUP(V36,'DATABASE RO'!$C$3:$M$185,9,0) -> GOOD | AF36: =VLOOKUP(V36,'DATABASE RO'!$C$3:$M$185,11,0) -> 082327099341 | AK36: =B36 -> P2 | AL36: =C36 -> KENDAL | AM36: =D36 -> 1063120250605071 | AN36: =E36 -> EKO SETIAWAN | AO36: =F36 -> Konsumen Aktif M 0 - 6 Lunas | AP36: =IFERROR(G36,X36) -> CUS063120250608712 | AQ36: =IFERROR(H36,Y36) -> YES | AR36: =IFERROR(I36,Z36) -> PLELEN LOR RT 004 /RW 003, Plelen, GRINGSING, KAB-Batang, 51281 | AS36: =IFERROR(J36,AA36) -> Plelen | AT36: =IFERROR(K36,AB36) -> Gringsing | AU36: =IFERROR(L36,AC36) -> https://www.google.com/maps?z=12&t=m&q=loc:-6.967304+110.017917 | AV36: =IFERROR(M36,AD36) -> GOOD | AW36: =IFERROR(N36,AE36) -> 0 | AX36: =IFERROR(O36,AF36) -> 082327099341
B37: P2 | C37: KENDAL | D37: 1063120250605074 | E37: RASWI | F37: Konsumen Aktif M 0 - 6 Lunas | G37: =VLOOKUP(D37,'DATABASE RO'!$B$3:$M$299,4,0) -> P19002065334 | H37: =VLOOKUP(D37,'DATABASE RO'!$B$3:$M$299,5,0) -> YES | I37: =VLOOKUP(D37,'DATABASE RO'!$B$3:$M$299,6,0) -> SAMBONGAN RT 001 /RW 001, Sambongsari, Weleri, KABUPATEN, 51355 | J37: =VLOOKUP(D37,'DATABASE RO'!$B$3:$M$299,7,0) -> Sambongsari | K37: =VLOOKUP(D37,'DATABASE RO'!$B$3:$M$299,8,0) -> Weleri | L37: =VLOOKUP(D37,'DATABASE RO'!$B$3:$M$299,9,0) -> TIDAK ADA | M37: =VLOOKUP(D37,'DATABASE RO'!$B$3:$M$299,10,0) -> GOOD | O37: =VLOOKUP(D37,'DATABASE RO'!$B$3:$M$299,12,0) -> 081328738453 | S37: =B37 -> P2 | T37: =C37 -> KENDAL | U37: =D37 -> 1063120250605074 | V37: =E37 -> RASWI | X37: =VLOOKUP(V37,'DATABASE RO'!$C$3:$M$185,3,0) -> P19002065334 | Y37: =VLOOKUP(V37,'DATABASE RO'!$C$3:$M$185,4,0) -> YES | Z37: =VLOOKUP(V37,'DATABASE RO'!$C$3:$M$185,5,0) -> SAMBONGAN RT 001 /RW 001, Sambongsari, Weleri, KABUPATEN, 51355 | AA37: =VLOOKUP(V37,'DATABASE RO'!$C$3:$M$185,6,0) -> Sambongsari | AB37: =VLOOKUP(V37,'DATABASE RO'!$C$3:$M$185,7,0) -> WELERI | AC37: =VLOOKUP(V37,'DATABASE RO'!$C$3:$M$185,8,0) -> TIDAK ADA | AD37: =VLOOKUP(V37,'DATABASE RO'!$C$3:$M$185,9,0) -> GOOD | AF37: =VLOOKUP(V37,'DATABASE RO'!$C$3:$M$185,11,0) -> TIDAK ADA | AK37: =B37 -> P2 | AL37: =C37 -> KENDAL | AM37: =D37 -> 1063120250605074 | AN37: =E37 -> RASWI | AO37: =F37 -> Konsumen Aktif M 0 - 6 Lunas | AP37: =IFERROR(G37,X37) -> P19002065334 | AQ37: =IFERROR(H37,Y37) -> YES | AR37: =IFERROR(I37,Z37) -> SAMBONGAN RT 001 /RW 001, Sambongsari, Weleri, KABUPATEN, 51355 | AS37: =IFERROR(J37,AA37) -> Sambongsari | AT37: =IFERROR(K37,AB37) -> Weleri | AU37: =IFERROR(L37,AC37) -> TIDAK ADA | AV37: =IFERROR(M37,AD37) -> GOOD | AW37: =IFERROR(N37,AE37) -> 0 | AX37: =IFERROR(O37,AF37) -> 081328738453
B38: P2 | C38: KENDAL | D38: 1063120250605084 | E38: DEWI PURWATININGSIH | F38: Konsumen Aktif M 0 - 6 Lunas | G38: =VLOOKUP(D38,'DATABASE RO'!$B$3:$M$299,4,0) -> P19002037129 | H38: =VLOOKUP(D38,'DATABASE RO'!$B$3:$M$299,5,0) -> YES | I38: =VLOOKUP(D38,'DATABASE RO'!$B$3:$M$299,6,0) -> CEPIRING RT 001 /RW 001, Cepiring, Cepiring, KAB-Kendal, 51352 | J38: =VLOOKUP(D38,'DATABASE RO'!$B$3:$M$299,7,0) -> Cepiring | K38: =VLOOKUP(D38,'DATABASE RO'!$B$3:$M$299,8,0) -> Cepiring | L38: =VLOOKUP(D38,'DATABASE RO'!$B$3:$M$299,9,0) -> https://www.google.com/maps?z=12&t=m&q=loc:-6.923715+110.152227 | M38: =VLOOKUP(D38,'DATABASE RO'!$B$3:$M$299,10,0) -> EXCELLENT | O38: =VLOOKUP(D38,'DATABASE RO'!$B$3:$M$299,12,0) -> 082135903307 | S38: =B38 -> P2 | T38: =C38 -> KENDAL | U38: =D38 -> 1063120250605084 | V38: =E38 -> DEWI PURWATININGSIH | X38: =VLOOKUP(V38,'DATABASE RO'!$C$3:$M$185,3,0) -> P19002037129 | Y38: =VLOOKUP(V38,'DATABASE RO'!$C$3:$M$185,4,0) -> YES | Z38: =VLOOKUP(V38,'DATABASE RO'!$C$3:$M$185,5,0) -> CEPIRING RT 001 /RW 001, Cepiring, Cepiring, KAB-Kendal, 51352 | AA38: =VLOOKUP(V38,'DATABASE RO'!$C$3:$M$185,6,0) -> Cepiring | AB38: =VLOOKUP(V38,'DATABASE RO'!$C$3:$M$185,7,0) -> Cepiring | AC38: =VLOOKUP(V38,'DATABASE RO'!$C$3:$M$185,8,0) -> https://www.google.com/maps?z=12&t=m&q=loc:-6.923715+110.152227 | AD38: =VLOOKUP(V38,'DATABASE RO'!$C$3:$M$185,9,0) -> EXCELLENT | AF38: =VLOOKUP(V38,'DATABASE RO'!$C$3:$M$185,11,0) -> 082135903307 | AK38: =B38 -> P2 | AL38: =C38 -> KENDAL | AM38: =D38 -> 1063120250605084 | AN38: =E38 -> DEWI PURWATININGSIH | AO38: =F38 -> Konsumen Aktif M 0 - 6 Lunas | AP38: =IFERROR(G38,X38) -> P19002037129 | AQ38: =IFERROR(H38,Y38) -> YES | AR38: =IFERROR(I38,Z38) -> CEPIRING RT 001 /RW 001, Cepiring, Cepiring, KAB-Kendal, 51352 | AS38: =IFERROR(J38,AA38) -> Cepiring | AT38: =IFERROR(K38,AB38) -> Cepiring | AU38: =IFERROR(L38,AC38) -> https://www.google.com/maps?z=12&t=m&q=loc:-6.923715+110.152227 | AV38: =IFERROR(M38,AD38) -> EXCELLENT | AW38: =IFERROR(N38,AE38) -> 0 | AX38: =IFERROR(O38,AF38) -> 082135903307
B39: P2 | C39: KENDAL | D39: 1063120250605092 | E39: AHMAD SOLEH | F39: Konsumen Aktif M 0 - 6 Lunas | G39: =VLOOKUP(D39,'DATABASE RO'!$B$3:$M$299,4,0) -> P19002058761 | H39: =VLOOKUP(D39,'DATABASE RO'!$B$3:$M$299,5,0) -> NO | I39: =VLOOKUP(D39,'DATABASE RO'!$B$3:$M$299,6,0) -> TEGAL SARI RT 006 /RW 004, Kangkung, Kangkung, KAB-Kendal, 51353 | J39: =VLOOKUP(D39,'DATABASE RO'!$B$3:$M$299,7,0) -> Kangkung | K39: =VLOOKUP(D39,'DATABASE RO'!$B$3:$M$299,8,0) -> Kangkung | L39: =VLOOKUP(D39,'DATABASE RO'!$B$3:$M$299,9,0) -> https://www.google.com/maps?z=12&t=m&q=loc:-6.906785+110.114196 | M39: =VLOOKUP(D39,'DATABASE RO'!$B$3:$M$299,10,0) -> NORMAL | O39: =VLOOKUP(D39,'DATABASE RO'!$B$3:$M$299,12,0) -> 085603077339 | S39: =B39 -> P2 | T39: =C39 -> KENDAL | U39: =D39 -> 1063120250605092 | V39: =E39 -> AHMAD SOLEH | X39: =VLOOKUP(V39,'DATABASE RO'!$C$3:$M$185,3,0) -> P19002058761 | Y39: =VLOOKUP(V39,'DATABASE RO'!$C$3:$M$185,4,0) -> NO | Z39: =VLOOKUP(V39,'DATABASE RO'!$C$3:$M$185,5,0) -> TEGAL SARI RT 006 /RW 004, Kangkung, Kangkung, KAB-Kendal, 51353 | AA39: =VLOOKUP(V39,'DATABASE RO'!$C$3:$M$185,6,0) -> Kangkung | AB39: =VLOOKUP(V39,'DATABASE RO'!$C$3:$M$185,7,0) -> Kangkung | AC39: =VLOOKUP(V39,'DATABASE RO'!$C$3:$M$185,8,0) -> https://www.google.com/maps?z=12&t=m&q=loc:-6.906785+110.114196 | AD39: =VLOOKUP(V39,'DATABASE RO'!$C$3:$M$185,9,0) -> NORMAL | AF39: =VLOOKUP(V39,'DATABASE RO'!$C$3:$M$185,11,0) -> 085603077339 | AK39: =B39 -> P2 | AL39: =C39 -> KENDAL | AM39: =D39 -> 1063120250605092 | AN39: =E39 -> AHMAD SOLEH | AO39: =F39 -> Konsumen Aktif M 0 - 6 Lunas | AP39: =IFERROR(G39,X39) -> P19002058761 | AQ39: =IFERROR(H39,Y39) -> NO | AR39: =IFERROR(I39,Z39) -> TEGAL SARI RT 006 /RW 004, Kangkung, Kangkung, KAB-Kendal, 51353 | AS39: =IFERROR(J39,AA39) -> Kangkung | AT39: =IFERROR(K39,AB39) -> Kangkung | AU39: =IFERROR(L39,AC39) -> https://www.google.com/maps?z=12&t=m&q=loc:-6.906785+110.114196 | AV39: =IFERROR(M39,AD39) -> NORMAL | AW39: =IFERROR(N39,AE39) -> 0 | AX39: =IFERROR(O39,AF39) -> 085603077339
B40: P2 | C40: KENDAL | D40: 1063120250705114 | E40: WACHIDUN | F40: Konsumen Aktif M 0 - 6 Lunas | G40: =VLOOKUP(D40,'DATABASE RO'!$B$3:$M$299,4,0) -> P19002027842 | H40: =VLOOKUP(D40,'DATABASE RO'!$B$3:$M$299,5,0) -> YES | I40: =VLOOKUP(D40,'DATABASE RO'!$B$3:$M$299,6,0) -> DUKUH TAMANAN RT 002 /RW 004, Tamangede, Gemuh, KAB-Kendal, 51356 | J40: =VLOOKUP(D40,'DATABASE RO'!$B$3:$M$299,7,0) -> Tamangede | K40: =VLOOKUP(D40,'DATABASE RO'!$B$3:$M$299,8,0) -> Gemuh | L40: =VLOOKUP(D40,'DATABASE RO'!$B$3:$M$299,9,0) -> https://www.google.com/maps?z=12&t=m&q=loc:-6.956966+110.150238 | M40: =VLOOKUP(D40,'DATABASE RO'!$B$3:$M$299,10,0) -> EXCELLENT | O40: =VLOOKUP(D40,'DATABASE RO'!$B$3:$M$299,12,0) -> 083137531798 | S40: =B40 -> P2 | T40: =C40 -> KENDAL | U40: =D40 -> 1063120250705114 | V40: =E40 -> WACHIDUN | X40: =VLOOKUP(V40,'DATABASE RO'!$C$3:$M$185,3,0) -> P19002027842 | Y40: =VLOOKUP(V40,'DATABASE RO'!$C$3:$M$185,4,0) -> YES | Z40: =VLOOKUP(V40,'DATABASE RO'!$C$3:$M$185,5,0) -> Dukuh tamanan, 002, 004, Tamangede, Gemuh, KENDAL, 51356 | AA40: =VLOOKUP(V40,'DATABASE RO'!$C$3:$M$185,6,0) -> TAMANGEDE | AB40: =VLOOKUP(V40,'DATABASE RO'!$C$3:$M$185,7,0) -> GEMUH | AC40: =VLOOKUP(V40,'DATABASE RO'!$C$3:$M$185,8,0) -> https://www.google.com/maps/place/6%C2%B057'25.1%22S+110%C2%B009'00.9%22E/@-6.956966,110.1476631,17z/data=!3m1!4b1!4m4!3m3!8m2!3d-6.956966!4d110.150238?entry=ttu&g_ep=EgoyMDI1MTEwMi4wIKXMDSoASAFQAw%3D%3D | AD40: =VLOOKUP(V40,'DATABASE RO'!$C$3:$M$185,9,0) -> 0 | AF40: =VLOOKUP(V40,'DATABASE RO'!$C$3:$M$185,11,0) -> 0831 - 37531798 | AK40: =B40 -> P2 | AL40: =C40 -> KENDAL | AM40: =D40 -> 1063120250705114 | AN40: =E40 -> WACHIDUN | AO40: =F40 -> Konsumen Aktif M 0 - 6 Lunas | AP40: =IFERROR(G40,X40) -> P19002027842 | AQ40: =IFERROR(H40,Y40) -> YES | AR40: =IFERROR(I40,Z40) -> DUKUH TAMANAN RT 002 /RW 004, Tamangede, Gemuh, KAB-Kendal, 51356 | AS40: =IFERROR(J40,AA40) -> Tamangede | AT40: =IFERROR(K40,AB40) -> Gemuh | AU40: =IFERROR(L40,AC40) -> https://www.google.com/maps?z=12&t=m&q=loc:-6.956966+110.150238 | AV40: =IFERROR(M40,AD40) -> EXCELLENT | AW40: =IFERROR(N40,AE40) -> 0 | AX40: =IFERROR(O40,AF40) -> 083137531798
A41: VLOOKUP NAMA | B41: P2 | C41: KENDAL | D41: 1063120250705121 | E41: WITAKU ROHMAN | F41: Konsumen Aktif M 0 - 6 Lunas | G41: =VLOOKUP(D41,'DATABASE RO'!$B$3:$M$299,4,0) -> #N/A | H41: =VLOOKUP(D41,'DATABASE RO'!$B$3:$M$299,5,0) -> #N/A | I41: =VLOOKUP(D41,'DATABASE RO'!$B$3:$M$299,6,0) -> #N/A | J41: =VLOOKUP(D41,'DATABASE RO'!$B$3:$M$299,7,0) -> #N/A | K41: =VLOOKUP(D41,'DATABASE RO'!$B$3:$M$299,8,0) -> #N/A | L41: =VLOOKUP(D41,'DATABASE RO'!$B$3:$M$299,9,0) -> #N/A | M41: =VLOOKUP(D41,'DATABASE RO'!$B$3:$M$299,10,0) -> #N/A | O41: =VLOOKUP(D41,'DATABASE RO'!$B$3:$M$299,12,0) -> #N/A | S41: =B41 -> P2 | T41: =C41 -> KENDAL | U41: =D41 -> 1063120250705121 | V41: =E41 -> WITAKU ROHMAN | X41: =VLOOKUP(V41,'DATABASE RO'!$C$3:$M$185,3,0) -> #N/A | Y41: =VLOOKUP(V41,'DATABASE RO'!$C$3:$M$185,4,0) -> #N/A | Z41: =VLOOKUP(V41,'DATABASE RO'!$C$3:$M$185,5,0) -> #N/A | AA41: =VLOOKUP(V41,'DATABASE RO'!$C$3:$M$185,6,0) -> #N/A | AB41: =VLOOKUP(V41,'DATABASE RO'!$C$3:$M$185,7,0) -> #N/A | AC41: =VLOOKUP(V41,'DATABASE RO'!$C$3:$M$185,8,0) -> #N/A | AD41: =VLOOKUP(V41,'DATABASE RO'!$C$3:$M$185,9,0) -> #N/A | AF41: =VLOOKUP(V41,'DATABASE RO'!$C$3:$M$185,11,0) -> #N/A | AJ41: VLOOKUP NAMA | AK41: =B41 -> P2 | AL41: =C41 -> KENDAL | AM41: =D41 -> 1063120250705121 | AN41: =E41 -> WITAKU ROHMAN | AO41: =F41 -> Konsumen Aktif M 0 - 6 Lunas | AP41: =IFERROR(G41,X41) -> #N/A | AQ41: =IFERROR(H41,Y41) -> #N/A | AR41: =IFERROR(I41,Z41) -> #N/A | AS41: =IFERROR(J41,AA41) -> #N/A | AT41: =IFERROR(K41,AB41) -> #N/A | AU41: =IFERROR(L41,AC41) -> #N/A | AV41: =IFERROR(M41,AD41) -> #N/A | AW41: =IFERROR(N41,AE41) -> 0 | AX41: =IFERROR(O41,AF41) -> #N/A
A42: VLOOKUP NAMA | B42: P2 | C42: KENDAL | D42: 1063120250705135 | E42: MISRU | F42: Konsumen Aktif M 0 - 6 Lunas | G42: =VLOOKUP(D42,'DATABASE RO'!$B$3:$M$299,4,0) -> #N/A | H42: =VLOOKUP(D42,'DATABASE RO'!$B$3:$M$299,5,0) -> #N/A | I42: =VLOOKUP(D42,'DATABASE RO'!$B$3:$M$299,6,0) -> #N/A | J42: =VLOOKUP(D42,'DATABASE RO'!$B$3:$M$299,7,0) -> #N/A | K42: =VLOOKUP(D42,'DATABASE RO'!$B$3:$M$299,8,0) -> #N/A | L42: =VLOOKUP(D42,'DATABASE RO'!$B$3:$M$299,9,0) -> #N/A | M42: =VLOOKUP(D42,'DATABASE RO'!$B$3:$M$299,10,0) -> #N/A | O42: =VLOOKUP(D42,'DATABASE RO'!$B$3:$M$299,12,0) -> #N/A | S42: =B42 -> P2 | T42: =C42 -> KENDAL | U42: =D42 -> 1063120250705135 | V42: =E42 -> MISRU | X42: =VLOOKUP(V42,'DATABASE RO'!$C$3:$M$185,3,0) -> CUS063120240808195 | Y42: =VLOOKUP(V42,'DATABASE RO'!$C$3:$M$185,4,0) -> YES | Z42: =VLOOKUP(V42,'DATABASE RO'!$C$3:$M$185,5,0) -> DEMPAL REJO RT 004 /RW 001, Dempelrejo, Ngampel, KAB-Kendal, 51357 | AA42: =VLOOKUP(V42,'DATABASE RO'!$C$3:$M$185,6,0) -> Dempelrejo | AB42: =VLOOKUP(V42,'DATABASE RO'!$C$3:$M$185,7,0) -> Ngampel | AC42: =VLOOKUP(V42,'DATABASE RO'!$C$3:$M$185,8,0) -> https://www.google.com/maps?z=12&t=m&q=loc:-6.962741+110.192389 | AD42: =VLOOKUP(V42,'DATABASE RO'!$C$3:$M$185,9,0) -> GOOD | AF42: =VLOOKUP(V42,'DATABASE RO'!$C$3:$M$185,11,0) -> 087797094946 | AJ42: VLOOKUP NAMA | AK42: =B42 -> P2 | AL42: =C42 -> KENDAL | AM42: =D42 -> 1063120250705135 | AN42: =E42 -> MISRU | AO42: =F42 -> Konsumen Aktif M 0 - 6 Lunas | AP42: =IFERROR(G42,X42) -> CUS063120240808195 | AQ42: =IFERROR(H42,Y42) -> YES | AR42: =IFERROR(I42,Z42) -> DEMPAL REJO RT 004 /RW 001, Dempelrejo, Ngampel, KAB-Kendal, 51357 | AS42: =IFERROR(J42,AA42) -> Dempelrejo | AT42: =IFERROR(K42,AB42) -> Ngampel | AU42: =IFERROR(L42,AC42) -> https://www.google.com/maps?z=12&t=m&q=loc:-6.962741+110.192389 | AV42: =IFERROR(M42,AD42) -> GOOD | AW42: =IFERROR(N42,AE42) -> 0 | AX42: =IFERROR(O42,AF42) -> 087797094946
B43: P2 | C43: KENDAL | D43: 1063120250705136 | E43: SUDIRO | F43: Konsumen Aktif M 0 - 6 Lunas | G43: =VLOOKUP(D43,'DATABASE RO'!$B$3:$M$299,4,0) -> CUS063120230907742 | H43: =VLOOKUP(D43,'DATABASE RO'!$B$3:$M$299,5,0) -> YES | I43: =VLOOKUP(D43,'DATABASE RO'!$B$3:$M$299,6,0) -> NGLUMBU RT 005 /RW 006, Tejorejo, Ringinarum, KAB-Kendal, 51356 | J43: =VLOOKUP(D43,'DATABASE RO'!$B$3:$M$299,7,0) -> Tejorejo | K43: =VLOOKUP(D43,'DATABASE RO'!$B$3:$M$299,8,0) -> Ringinarum | L43: =VLOOKUP(D43,'DATABASE RO'!$B$3:$M$299,9,0) -> https://www.google.com/maps?z=12&t=m&q=loc:-7.007550+110.096400 | M43: =VLOOKUP(D43,'DATABASE RO'!$B$3:$M$299,10,0) -> EXCELLENT | O43: =VLOOKUP(D43,'DATABASE RO'!$B$3:$M$299,12,0) -> 082112762289 | S43: =B43 -> P2 | T43: =C43 -> KENDAL | U43: =D43 -> 1063120250705136 | V43: =E43 -> SUDIRO | X43: =VLOOKUP(V43,'DATABASE RO'!$C$3:$M$185,3,0) -> CUS063120230907742 | Y43: =VLOOKUP(V43,'DATABASE RO'!$C$3:$M$185,4,0) -> YES | Z43: =VLOOKUP(V43,'DATABASE RO'!$C$3:$M$185,5,0) -> NGLUMBU RT 005 /RW 006, Tejorejo, Ringinarum, KAB-Kendal, 51356 | AA43: =VLOOKUP(V43,'DATABASE RO'!$C$3:$M$185,6,0) -> Tejorejo | AB43: =VLOOKUP(V43,'DATABASE RO'!$C$3:$M$185,7,0) -> Ringinarum | AC43: =VLOOKUP(V43,'DATABASE RO'!$C$3:$M$185,8,0) -> https://www.google.com/maps?z=12&t=m&q=loc:-7.007550+110.096400 | AD43: =VLOOKUP(V43,'DATABASE RO'!$C$3:$M$185,9,0) -> EXCELLENT | AF43: =VLOOKUP(V43,'DATABASE RO'!$C$3:$M$185,11,0) -> 082112762289 | AK43: =B43 -> P2 | AL43: =C43 -> KENDAL | AM43: =D43 -> 1063120250705136 | AN43: =E43 -> SUDIRO | AO43: =F43 -> Konsumen Aktif M 0 - 6 Lunas | AP43: =IFERROR(G43,X43) -> CUS063120230907742 | AQ43: =IFERROR(H43,Y43) -> YES | AR43: =IFERROR(I43,Z43) -> NGLUMBU RT 005 /RW 006, Tejorejo, Ringinarum, KAB-Kendal, 51356 | AS43: =IFERROR(J43,AA43) -> Tejorejo | AT43: =IFERROR(K43,AB43) -> Ringinarum | AU43: =IFERROR(L43,AC43) -> https://www.google.com/maps?z=12&t=m&q=loc:-7.007550+110.096400 | AV43: =IFERROR(M43,AD43) -> EXCELLENT | AW43: =IFERROR(N43,AE43) -> 0 | AX43: =IFERROR(O43,AF43) -> 082112762289
A44: VLOOKUP NAMA | B44: P2 | C44: KENDAL | D44: 1063120250705154 | E44: RONAL EKA PRADITA | F44: Konsumen Aktif M 0 - 6 Lunas | G44: =VLOOKUP(D44,'DATABASE RO'!$B$3:$M$299,4,0) -> #N/A | H44: =VLOOKUP(D44,'DATABASE RO'!$B$3:$M$299,5,0) -> #N/A | I44: =VLOOKUP(D44,'DATABASE RO'!$B$3:$M$299,6,0) -> #N/A | J44: =VLOOKUP(D44,'DATABASE RO'!$B$3:$M$299,7,0) -> #N/A | K44: =VLOOKUP(D44,'DATABASE RO'!$B$3:$M$299,8,0) -> #N/A | L44: =VLOOKUP(D44,'DATABASE RO'!$B$3:$M$299,9,0) -> #N/A | M44: =VLOOKUP(D44,'DATABASE RO'!$B$3:$M$299,10,0) -> #N/A | O44: =VLOOKUP(D44,'DATABASE RO'!$B$3:$M$299,12,0) -> #N/A | S44: =B44 -> P2 | T44: =C44 -> KENDAL | U44: =D44 -> 1063120250705154 | V44: =E44 -> RONAL EKA PRADITA | X44: =VLOOKUP(V44,'DATABASE RO'!$C$3:$M$185,3,0) -> #N/A | Y44: =VLOOKUP(V44,'DATABASE RO'!$C$3:$M$185,4,0) -> #N/A | Z44: =VLOOKUP(V44,'DATABASE RO'!$C$3:$M$185,5,0) -> #N/A | AA44: =VLOOKUP(V44,'DATABASE RO'!$C$3:$M$185,6,0) -> #N/A | AB44: =VLOOKUP(V44,'DATABASE RO'!$C$3:$M$185,7,0) -> #N/A | AC44: =VLOOKUP(V44,'DATABASE RO'!$C$3:$M$185,8,0) -> #N/A | AD44: =VLOOKUP(V44,'DATABASE RO'!$C$3:$M$185,9,0) -> #N/A | AF44: =VLOOKUP(V44,'DATABASE RO'!$C$3:$M$185,11,0) -> #N/A | AJ44: VLOOKUP NAMA | AK44: =B44 -> P2 | AL44: =C44 -> KENDAL | AM44: =D44 -> 1063120250705154 | AN44: =E44 -> RONAL EKA PRADITA | AO44: =F44 -> Konsumen Aktif M 0 - 6 Lunas | AP44: =IFERROR(G44,X44) -> #N/A | AQ44: =IFERROR(H44,Y44) -> #N/A | AR44: =IFERROR(I44,Z44) -> #N/A | AS44: =IFERROR(J44,AA44) -> #N/A | AT44: =IFERROR(K44,AB44) -> #N/A | AU44: =IFERROR(L44,AC44) -> #N/A | AV44: =IFERROR(M44,AD44) -> #N/A | AW44: =IFERROR(N44,AE44) -> 0 | AX44: =IFERROR(O44,AF44) -> #N/A
A45: VLOOKUP NAMA | B45: P2 | C45: KENDAL | D45: 1063120250805166 | E45: MUH PUJI NUR HIDAYAT | F45: Konsumen Aktif M 0 - 6 Lunas | G45: =VLOOKUP(D45,'DATABASE RO'!$B$3:$M$299,4,0) -> #N/A | H45: =VLOOKUP(D45,'DATABASE RO'!$B$3:$M$299,5,0) -> #N/A | I45: =VLOOKUP(D45,'DATABASE RO'!$B$3:$M$299,6,0) -> #N/A | J45: =VLOOKUP(D45,'DATABASE RO'!$B$3:$M$299,7,0) -> #N/A | K45: =VLOOKUP(D45,'DATABASE RO'!$B$3:$M$299,8,0) -> #N/A | L45: =VLOOKUP(D45,'DATABASE RO'!$B$3:$M$299,9,0) -> #N/A | M45: =VLOOKUP(D45,'DATABASE RO'!$B$3:$M$299,10,0) -> #N/A | O45: =VLOOKUP(D45,'DATABASE RO'!$B$3:$M$299,12,0) -> #N/A | S45: =B45 -> P2 | T45: =C45 -> KENDAL | U45: =D45 -> 1063120250805166 | V45: =E45 -> MUH PUJI NUR HIDAYAT | X45: =VLOOKUP(V45,'DATABASE RO'!$C$3:$M$185,3,0) -> #N/A | Y45: =VLOOKUP(V45,'DATABASE RO'!$C$3:$M$185,4,0) -> #N/A | Z45: =VLOOKUP(V45,'DATABASE RO'!$C$3:$M$185,5,0) -> #N/A | AA45: =VLOOKUP(V45,'DATABASE RO'!$C$3:$M$185,6,0) -> #N/A | AB45: =VLOOKUP(V45,'DATABASE RO'!$C$3:$M$185,7,0) -> #N/A | AC45: =VLOOKUP(V45,'DATABASE RO'!$C$3:$M$185,8,0) -> #N/A | AD45: =VLOOKUP(V45,'DATABASE RO'!$C$3:$M$185,9,0) -> #N/A | AF45: =VLOOKUP(V45,'DATABASE RO'!$C$3:$M$185,11,0) -> #N/A | AJ45: VLOOKUP NAMA | AK45: =B45 -> P2 | AL45: =C45 -> KENDAL | AM45: =D45 -> 1063120250805166 | AN45: =E45 -> MUH PUJI NUR HIDAYAT | AO45: =F45 -> Konsumen Aktif M 0 - 6 Lunas | AP45: =IFERROR(G45,X45) -> #N/A | AQ45: =IFERROR(H45,Y45) -> #N/A | AR45: =IFERROR(I45,Z45) -> #N/A | AS45: =IFERROR(J45,AA45) -> #N/A | AT45: =IFERROR(K45,AB45) -> #N/A | AU45: =IFERROR(L45,AC45) -> #N/A | AV45: =IFERROR(M45,AD45) -> #N/A | AW45: =IFERROR(N45,AE45) -> 0 | AX45: =IFERROR(O45,AF45) -> #N/A
A46: VLOOKUP NAMA | B46: P2 | C46: KENDAL | D46: 1063120250805167 | E46: SURTI | F46: Konsumen Aktif M 0 - 6 Lunas | G46: =VLOOKUP(D46,'DATABASE RO'!$B$3:$M$299,4,0) -> #N/A | H46: =VLOOKUP(D46,'DATABASE RO'!$B$3:$M$299,5,0) -> #N/A | I46: =VLOOKUP(D46,'DATABASE RO'!$B$3:$M$299,6,0) -> #N/A | J46: =VLOOKUP(D46,'DATABASE RO'!$B$3:$M$299,7,0) -> #N/A | K46: =VLOOKUP(D46,'DATABASE RO'!$B$3:$M$299,8,0) -> #N/A | L46: =VLOOKUP(D46,'DATABASE RO'!$B$3:$M$299,9,0) -> #N/A | M46: =VLOOKUP(D46,'DATABASE RO'!$B$3:$M$299,10,0) -> #N/A | O46: =VLOOKUP(D46,'DATABASE RO'!$B$3:$M$299,12,0) -> #N/A | S46: =B46 -> P2 | T46: =C46 -> KENDAL | U46: =D46 -> 1063120250805167 | V46: =E46 -> SURTI | X46: =VLOOKUP(V46,'DATABASE RO'!$C$3:$M$185,3,0) -> P19002049219 | Y46: =VLOOKUP(V46,'DATABASE RO'!$C$3:$M$185,4,0) -> NO | Z46: =VLOOKUP(V46,'DATABASE RO'!$C$3:$M$185,5,0) -> DUKUH SUWARU RT 008 /RW 002, Laban, Kangkung, KAB-Kendal, 51353 | AA46: =VLOOKUP(V46,'DATABASE RO'!$C$3:$M$185,6,0) -> LABAN | AB46: =VLOOKUP(V46,'DATABASE RO'!$C$3:$M$185,7,0) -> Kangkung | AC46: =VLOOKUP(V46,'DATABASE RO'!$C$3:$M$185,8,0) -> https://www.google.com/maps?z=12&t=m&q=loc:-6.910637+110.098227 | AD46: =VLOOKUP(V46,'DATABASE RO'!$C$3:$M$185,9,0) -> GOOD | AF46: =VLOOKUP(V46,'DATABASE RO'!$C$3:$M$185,11,0) -> 85700526414 | AJ46: VLOOKUP NAMA | AK46: =B46 -> P2 | AL46: =C46 -> KENDAL | AM46: =D46 -> 1063120250805167 | AN46: =E46 -> SURTI | AO46: =F46 -> Konsumen Aktif M 0 - 6 Lunas | AP46: =IFERROR(G46,X46) -> P19002049219 | AQ46: =IFERROR(H46,Y46) -> NO | AR46: =IFERROR(I46,Z46) -> DUKUH SUWARU RT 008 /RW 002, Laban, Kangkung, KAB-Kendal, 51353 | AS46: =IFERROR(J46,AA46) -> LABAN | AT46: =IFERROR(K46,AB46) -> Kangkung | AU46: =IFERROR(L46,AC46) -> https://www.google.com/maps?z=12&t=m&q=loc:-6.910637+110.098227 | AV46: =IFERROR(M46,AD46) -> GOOD | AW46: =IFERROR(N46,AE46) -> 0 | AX46: =IFERROR(O46,AF46) -> 85700526414
A47: VLOOKUP NAMA | B47: P2 | C47: KENDAL | D47: 1063120250805189 | E47: DEWI ERNAWATI | F47: Konsumen Aktif M 0 - 6 Lunas | G47: =VLOOKUP(D47,'DATABASE RO'!$B$3:$M$299,4,0) -> #N/A | H47: =VLOOKUP(D47,'DATABASE RO'!$B$3:$M$299,5,0) -> #N/A | I47: =VLOOKUP(D47,'DATABASE RO'!$B$3:$M$299,6,0) -> #N/A | J47: =VLOOKUP(D47,'DATABASE RO'!$B$3:$M$299,7,0) -> #N/A | K47: =VLOOKUP(D47,'DATABASE RO'!$B$3:$M$299,8,0) -> #N/A | L47: =VLOOKUP(D47,'DATABASE RO'!$B$3:$M$299,9,0) -> #N/A | M47: =VLOOKUP(D47,'DATABASE RO'!$B$3:$M$299,10,0) -> #N/A | O47: =VLOOKUP(D47,'DATABASE RO'!$B$3:$M$299,12,0) -> #N/A | S47: =B47 -> P2 | T47: =C47 -> KENDAL | U47: =D47 -> 1063120250805189 | V47: =E47 -> DEWI ERNAWATI | X47: =VLOOKUP(V47,'DATABASE RO'!$C$3:$M$185,3,0) -> #N/A | Y47: =VLOOKUP(V47,'DATABASE RO'!$C$3:$M$185,4,0) -> #N/A | Z47: =VLOOKUP(V47,'DATABASE RO'!$C$3:$M$185,5,0) -> #N/A | AA47: =VLOOKUP(V47,'DATABASE RO'!$C$3:$M$185,6,0) -> #N/A | AB47: =VLOOKUP(V47,'DATABASE RO'!$C$3:$M$185,7,0) -> #N/A | AC47: =VLOOKUP(V47,'DATABASE RO'!$C$3:$M$185,8,0) -> #N/A | AD47: =VLOOKUP(V47,'DATABASE RO'!$C$3:$M$185,9,0) -> #N/A | AF47: =VLOOKUP(V47,'DATABASE RO'!$C$3:$M$185,11,0) -> #N/A | AJ47: VLOOKUP NAMA | AK47: =B47 -> P2 | AL47: =C47 -> KENDAL | AM47: =D47 -> 1063120250805189 | AN47: =E47 -> DEWI ERNAWATI | AO47: =F47 -> Konsumen Aktif M 0 - 6 Lunas | AP47: =IFERROR(G47,X47) -> #N/A | AQ47: =IFERROR(H47,Y47) -> #N/A | AR47: =IFERROR(I47,Z47) -> #N/A | AS47: =IFERROR(J47,AA47) -> #N/A | AT47: =IFERROR(K47,AB47) -> #N/A | AU47: =IFERROR(L47,AC47) -> #N/A | AV47: =IFERROR(M47,AD47) -> #N/A | AW47: =IFERROR(N47,AE47) -> 0 | AX47: =IFERROR(O47,AF47) -> #N/A
A48: VLOOKUP NAMA | B48: P2 | C48: KENDAL | D48: 1063120250805199 | E48: Carkubi | F48: Konsumen Aktif M 0 - 6 Lunas | G48: =VLOOKUP(D48,'DATABASE RO'!$B$3:$M$299,4,0) -> #N/A | H48: =VLOOKUP(D48,'DATABASE RO'!$B$3:$M$299,5,0) -> #N/A | I48: =VLOOKUP(D48,'DATABASE RO'!$B$3:$M$299,6,0) -> #N/A | J48: =VLOOKUP(D48,'DATABASE RO'!$B$3:$M$299,7,0) -> #N/A | K48: =VLOOKUP(D48,'DATABASE RO'!$B$3:$M$299,8,0) -> #N/A | L48: =VLOOKUP(D48,'DATABASE RO'!$B$3:$M$299,9,0) -> #N/A | M48: =VLOOKUP(D48,'DATABASE RO'!$B$3:$M$299,10,0) -> #N/A | O48: =VLOOKUP(D48,'DATABASE RO'!$B$3:$M$299,12,0) -> #N/A | S48: =B48 -> P2 | T48: =C48 -> KENDAL | U48: =D48 -> 1063120250805199 | V48: =E48 -> Carkubi | X48: =VLOOKUP(V48,'DATABASE RO'!$C$3:$M$185,3,0) -> #N/A | Y48: =VLOOKUP(V48,'DATABASE RO'!$C$3:$M$185,4,0) -> #N/A | Z48: =VLOOKUP(V48,'DATABASE RO'!$C$3:$M$185,5,0) -> #N/A | AA48: =VLOOKUP(V48,'DATABASE RO'!$C$3:$M$185,6,0) -> #N/A | AB48: =VLOOKUP(V48,'DATABASE RO'!$C$3:$M$185,7,0) -> #N/A | AC48: =VLOOKUP(V48,'DATABASE RO'!$C$3:$M$185,8,0) -> #N/A | AD48: =VLOOKUP(V48,'DATABASE RO'!$C$3:$M$185,9,0) -> #N/A | AF48: =VLOOKUP(V48,'DATABASE RO'!$C$3:$M$185,11,0) -> #N/A | AJ48: VLOOKUP NAMA | AK48: =B48 -> P2 | AL48: =C48 -> KENDAL | AM48: =D48 -> 1063120250805199 | AN48: =E48 -> Carkubi | AO48: =F48 -> Konsumen Aktif M 0 - 6 Lunas | AP48: =IFERROR(G48,X48) -> #N/A | AQ48: =IFERROR(H48,Y48) -> #N/A | AR48: =IFERROR(I48,Z48) -> #N/A | AS48: =IFERROR(J48,AA48) -> #N/A | AT48: =IFERROR(K48,AB48) -> #N/A | AU48: =IFERROR(L48,AC48) -> #N/A | AV48: =IFERROR(M48,AD48) -> #N/A | AW48: =IFERROR(N48,AE48) -> 0 | AX48: =IFERROR(O48,AF48) -> #N/A
B49: P2 | C49: KENDAL | D49: 1063120250905206 | E49: UMI ERNIATI | F49: Konsumen Aktif M 0 - 6 Lunas | G49: =VLOOKUP(D49,'DATABASE RO'!$B$3:$M$299,4,0) -> CUS061120200805988 | H49: =VLOOKUP(D49,'DATABASE RO'!$B$3:$M$299,5,0) -> YES | I49: =VLOOKUP(D49,'DATABASE RO'!$B$3:$M$299,6,0) -> BK BABADAN RT 001 /RW 006, Kebonharjo, Patebon, KAB-Kendal, 51351 | J49: =VLOOKUP(D49,'DATABASE RO'!$B$3:$M$299,7,0) -> Kebonharjo | K49: =VLOOKUP(D49,'DATABASE RO'!$B$3:$M$299,8,0) -> Patebon | L49: =VLOOKUP(D49,'DATABASE RO'!$B$3:$M$299,9,0) -> https://www.google.com/maps/place/6%C2%B055'51.0%22S+110%C2%B009'24.0%22E/@-6.930839,110.1540861,17z/data=!3m1!4b1!4m4!3m3!8m2!3d-6.930839!4d110.156661?entry=ttu&g_ep=EgoyMDI2MDcwNy4wIKXMDSoASAFQAw%3D%3D | M49: =VLOOKUP(D49,'DATABASE RO'!$B$3:$M$299,10,0) -> NORMAL | O49: =VLOOKUP(D49,'DATABASE RO'!$B$3:$M$299,12,0) -> 0831 - 57425895 | S49: =B49 -> P2 | T49: =C49 -> KENDAL | U49: =D49 -> 1063120250905206 | V49: =E49 -> UMI ERNIATI | X49: =VLOOKUP(V49,'DATABASE RO'!$C$3:$M$185,3,0) -> CUS061120200805988 | Y49: =VLOOKUP(V49,'DATABASE RO'!$C$3:$M$185,4,0) -> YES | Z49: =VLOOKUP(V49,'DATABASE RO'!$C$3:$M$185,5,0) -> BK BABADAN RT 001 /RW 006, Kebonharjo, Patebon, KAB-Kendal, 51351 | AA49: =VLOOKUP(V49,'DATABASE RO'!$C$3:$M$185,6,0) -> Kebonharjo | AB49: =VLOOKUP(V49,'DATABASE RO'!$C$3:$M$185,7,0) -> Patebon | AC49: =VLOOKUP(V49,'DATABASE RO'!$C$3:$M$185,8,0) -> https://www.google.com/maps/place/6%C2%B055'51.0%22S+110%C2%B009'24.0%22E/@-6.930839,110.1540861,17z/data=!3m1!4b1!4m4!3m3!8m2!3d-6.930839!4d110.156661?entry=ttu&g_ep=EgoyMDI2MDcwNy4wIKXMDSoASAFQAw%3D%3D | AD49: =VLOOKUP(V49,'DATABASE RO'!$C$3:$M$185,9,0) -> NORMAL | AF49: =VLOOKUP(V49,'DATABASE RO'!$C$3:$M$185,11,0) -> 0831 - 57425895 | AK49: =B49 -> P2 | AL49: =C49 -> KENDAL | AM49: =D49 -> 1063120250905206 | AN49: =E49 -> UMI ERNIATI | AO49: =F49 -> Konsumen Aktif M 0 - 6 Lunas | AP49: =IFERROR(G49,X49) -> CUS061120200805988 | AQ49: =IFERROR(H49,Y49) -> YES | AR49: =IFERROR(I49,Z49) -> BK BABADAN RT 001 /RW 006, Kebonharjo, Patebon, KAB-Kendal, 51351 | AS49: =IFERROR(J49,AA49) -> Kebonharjo | AT49: =IFERROR(K49,AB49) -> Patebon | AU49: =IFERROR(L49,AC49) -> https://www.google.com/maps/place/6%C2%B055'51.0%22S+110%C2%B009'24.0%22E/@-6.930839,110.1540861,17z/data=!3m1!4b1!4m4!3m3!8m2!3d-6.930839!4d110.156661?entry=ttu&g_ep=EgoyMDI2MDcwNy4wIKXMDSoASAFQAw%3D%3D | AV49: =IFERROR(M49,AD49) -> NORMAL | AW49: =IFERROR(N49,AE49) -> 0 | AX49: =IFERROR(O49,AF49) -> 0831 - 57425895
A50: VLOOKUP NAMA | B50: P2 | C50: KENDAL | D50: 1063120250905217 | E50: AMRIZAL SATYA PRASADHA | F50: Konsumen Aktif M 0 - 6 Lunas | G50: =VLOOKUP(D50,'DATABASE RO'!$B$3:$M$299,4,0) -> #N/A | H50: =VLOOKUP(D50,'DATABASE RO'!$B$3:$M$299,5,0) -> #N/A | I50: =VLOOKUP(D50,'DATABASE RO'!$B$3:$M$299,6,0) -> #N/A | J50: =VLOOKUP(D50,'DATABASE RO'!$B$3:$M$299,7,0) -> #N/A | K50: =VLOOKUP(D50,'DATABASE RO'!$B$3:$M$299,8,0) -> #N/A | L50: =VLOOKUP(D50,'DATABASE RO'!$B$3:$M$299,9,0) -> #N/A | M50: =VLOOKUP(D50,'DATABASE RO'!$B$3:$M$299,10,0) -> #N/A | O50: =VLOOKUP(D50,'DATABASE RO'!$B$3:$M$299,12,0) -> #N/A | S50: =B50 -> P2 | T50: =C50 -> KENDAL | U50: =D50 -> 1063120250905217 | V50: =E50 -> AMRIZAL SATYA PRASADHA | X50: =VLOOKUP(V50,'DATABASE RO'!$C$3:$M$185,3,0) -> #N/A | Y50: =VLOOKUP(V50,'DATABASE RO'!$C$3:$M$185,4,0) -> #N/A | Z50: =VLOOKUP(V50,'DATABASE RO'!$C$3:$M$185,5,0) -> #N/A | AA50: =VLOOKUP(V50,'DATABASE RO'!$C$3:$M$185,6,0) -> #N/A | AB50: =VLOOKUP(V50,'DATABASE RO'!$C$3:$M$185,7,0) -> #N/A | AC50: =VLOOKUP(V50,'DATABASE RO'!$C$3:$M$185,8,0) -> #N/A | AD50: =VLOOKUP(V50,'DATABASE RO'!$C$3:$M$185,9,0) -> #N/A | AF50: =VLOOKUP(V50,'DATABASE RO'!$C$3:$M$185,11,0) -> #N/A | AJ50: VLOOKUP NAMA | AK50: =B50 -> P2 | AL50: =C50 -> KENDAL | AM50: =D50 -> 1063120250905217 | AN50: =E50 -> AMRIZAL SATYA PRASADHA | AO50: =F50 -> Konsumen Aktif M 0 - 6 Lunas | AP50: =IFERROR(G50,X50) -> #N/A | AQ50: =IFERROR(H50,Y50) -> #N/A | AR50: =IFERROR(I50,Z50) -> #N/A | AS50: =IFERROR(J50,AA50) -> #N/A | AT50: =IFERROR(K50,AB50) -> #N/A | AU50: =IFERROR(L50,AC50) -> #N/A | AV50: =IFERROR(M50,AD50) -> #N/A | AW50: =IFERROR(N50,AE50) -> 0 | AX50: =IFERROR(O50,AF50) -> #N/A
A51: VLOOKUP NAMA | B51: P2 | C51: KENDAL | D51: 1063120250905222 | E51: AHMAD SHONHAJI | F51: Konsumen Aktif M 0 - 6 Lunas | G51: =VLOOKUP(D51,'DATABASE RO'!$B$3:$M$299,4,0) -> #N/A | H51: =VLOOKUP(D51,'DATABASE RO'!$B$3:$M$299,5,0) -> #N/A | I51: =VLOOKUP(D51,'DATABASE RO'!$B$3:$M$299,6,0) -> #N/A | J51: =VLOOKUP(D51,'DATABASE RO'!$B$3:$M$299,7,0) -> #N/A | K51: =VLOOKUP(D51,'DATABASE RO'!$B$3:$M$299,8,0) -> #N/A | L51: =VLOOKUP(D51,'DATABASE RO'!$B$3:$M$299,9,0) -> #N/A | M51: =VLOOKUP(D51,'DATABASE RO'!$B$3:$M$299,10,0) -> #N/A | O51: =VLOOKUP(D51,'DATABASE RO'!$B$3:$M$299,12,0) -> #N/A | S51: =B51 -> P2 | T51: =C51 -> KENDAL | U51: =D51 -> 1063120250905222 | V51: =E51 -> AHMAD SHONHAJI | X51: =VLOOKUP(V51,'DATABASE RO'!$C$3:$M$185,3,0) -> #N/A | Y51: =VLOOKUP(V51,'DATABASE RO'!$C$3:$M$185,4,0) -> #N/A | Z51: =VLOOKUP(V51,'DATABASE RO'!$C$3:$M$185,5,0) -> #N/A | AA51: =VLOOKUP(V51,'DATABASE RO'!$C$3:$M$185,6,0) -> #N/A | AB51: =VLOOKUP(V51,'DATABASE RO'!$C$3:$M$185,7,0) -> #N/A | AC51: =VLOOKUP(V51,'DATABASE RO'!$C$3:$M$185,8,0) -> #N/A | AD51: =VLOOKUP(V51,'DATABASE RO'!$C$3:$M$185,9,0) -> #N/A | AF51: =VLOOKUP(V51,'DATABASE RO'!$C$3:$M$185,11,0) -> #N/A | AJ51: VLOOKUP NAMA | AK51: =B51 -> P2 | AL51: =C51 -> KENDAL | AM51: =D51 -> 1063120250905222 | AN51: =E51 -> AHMAD SHONHAJI | AO51: =F51 -> Konsumen Aktif M 0 - 6 Lunas | AP51: =IFERROR(G51,X51) -> #N/A | AQ51: =IFERROR(H51,Y51) -> #N/A | AR51: =IFERROR(I51,Z51) -> #N/A | AS51: =IFERROR(J51,AA51) -> #N/A | AT51: =IFERROR(K51,AB51) -> #N/A | AU51: =IFERROR(L51,AC51) -> #N/A | AV51: =IFERROR(M51,AD51) -> #N/A | AW51: =IFERROR(N51,AE51) -> 0 | AX51: =IFERROR(O51,AF51) -> #N/A
A52: VLOOKUP NAMA | B52: P2 | C52: KENDAL | D52: 1063120250905224 | E52: KAMSIN | F52: Konsumen Aktif M 0 - 6 Lunas | G52: =VLOOKUP(D52,'DATABASE RO'!$B$3:$M$299,4,0) -> #N/A | H52: =VLOOKUP(D52,'DATABASE RO'!$B$3:$M$299,5,0) -> #N/A | I52: =VLOOKUP(D52,'DATABASE RO'!$B$3:$M$299,6,0) -> #N/A | J52: =VLOOKUP(D52,'DATABASE RO'!$B$3:$M$299,7,0) -> #N/A | K52: =VLOOKUP(D52,'DATABASE RO'!$B$3:$M$299,8,0) -> #N/A | L52: =VLOOKUP(D52,'DATABASE RO'!$B$3:$M$299,9,0) -> #N/A | M52: =VLOOKUP(D52,'DATABASE RO'!$B$3:$M$299,10,0) -> #N/A | O52: =VLOOKUP(D52,'DATABASE RO'!$B$3:$M$299,12,0) -> #N/A | S52: =B52 -> P2 | T52: =C52 -> KENDAL | U52: =D52 -> 1063120250905224 | V52: =E52 -> KAMSIN | X52: =VLOOKUP(V52,'DATABASE RO'!$C$3:$M$185,3,0) -> #N/A | Y52: =VLOOKUP(V52,'DATABASE RO'!$C$3:$M$185,4,0) -> #N/A | Z52: =VLOOKUP(V52,'DATABASE RO'!$C$3:$M$185,5,0) -> #N/A | AA52: =VLOOKUP(V52,'DATABASE RO'!$C$3:$M$185,6,0) -> #N/A | AB52: =VLOOKUP(V52,'DATABASE RO'!$C$3:$M$185,7,0) -> #N/A | AC52: =VLOOKUP(V52,'DATABASE RO'!$C$3:$M$185,8,0) -> #N/A | AD52: =VLOOKUP(V52,'DATABASE RO'!$C$3:$M$185,9,0) -> #N/A | AF52: =VLOOKUP(V52,'DATABASE RO'!$C$3:$M$185,11,0) -> #N/A | AJ52: VLOOKUP NAMA | AK52: =B52 -> P2 | AL52: =C52 -> KENDAL | AM52: =D52 -> 1063120250905224 | AN52: =E52 -> KAMSIN | AO52: =F52 -> Konsumen Aktif M 0 - 6 Lunas | AP52: =IFERROR(G52,X52) -> #N/A | AQ52: =IFERROR(H52,Y52) -> #N/A | AR52: =IFERROR(I52,Z52) -> #N/A | AS52: =IFERROR(J52,AA52) -> #N/A | AT52: =IFERROR(K52,AB52) -> #N/A | AU52: =IFERROR(L52,AC52) -> #N/A | AV52: =IFERROR(M52,AD52) -> #N/A | AW52: =IFERROR(N52,AE52) -> 0 | AX52: =IFERROR(O52,AF52) -> #N/A
A53: VLOOKUP NAMA | B53: P2 | C53: KENDAL | D53: 1063120250905227 | E53: YAYUK INDRIAWATI | F53: Konsumen Aktif M 0 - 6 Lunas | G53: =VLOOKUP(D53,'DATABASE RO'!$B$3:$M$299,4,0) -> #N/A | H53: =VLOOKUP(D53,'DATABASE RO'!$B$3:$M$299,5,0) -> #N/A | I53: =VLOOKUP(D53,'DATABASE RO'!$B$3:$M$299,6,0) -> #N/A | J53: =VLOOKUP(D53,'DATABASE RO'!$B$3:$M$299,7,0) -> #N/A | K53: =VLOOKUP(D53,'DATABASE RO'!$B$3:$M$299,8,0) -> #N/A | L53: =VLOOKUP(D53,'DATABASE RO'!$B$3:$M$299,9,0) -> #N/A | M53: =VLOOKUP(D53,'DATABASE RO'!$B$3:$M$299,10,0) -> #N/A | O53: =VLOOKUP(D53,'DATABASE RO'!$B$3:$M$299,12,0) -> #N/A | S53: =B53 -> P2 | T53: =C53 -> KENDAL | U53: =D53 -> 1063120250905227 | V53: =E53 -> YAYUK INDRIAWATI | X53: =VLOOKUP(V53,'DATABASE RO'!$C$3:$M$185,3,0) -> #N/A | Y53: =VLOOKUP(V53,'DATABASE RO'!$C$3:$M$185,4,0) -> #N/A | Z53: =VLOOKUP(V53,'DATABASE RO'!$C$3:$M$185,5,0) -> #N/A | AA53: =VLOOKUP(V53,'DATABASE RO'!$C$3:$M$185,6,0) -> #N/A | AB53: =VLOOKUP(V53,'DATABASE RO'!$C$3:$M$185,7,0) -> #N/A | AC53: =VLOOKUP(V53,'DATABASE RO'!$C$3:$M$185,8,0) -> #N/A | AD53: =VLOOKUP(V53,'DATABASE RO'!$C$3:$M$185,9,0) -> #N/A | AF53: =VLOOKUP(V53,'DATABASE RO'!$C$3:$M$185,11,0) -> #N/A | AJ53: VLOOKUP NAMA | AK53: =B53 -> P2 | AL53: =C53 -> KENDAL | AM53: =D53 -> 1063120250905227 | AN53: =E53 -> YAYUK INDRIAWATI | AO53: =F53 -> Konsumen Aktif M 0 - 6 Lunas | AP53: =IFERROR(G53,X53) -> #N/A | AQ53: =IFERROR(H53,Y53) -> #N/A | AR53: =IFERROR(I53,Z53) -> #N/A | AS53: =IFERROR(J53,AA53) -> #N/A | AT53: =IFERROR(K53,AB53) -> #N/A | AU53: =IFERROR(L53,AC53) -> #N/A | AV53: =IFERROR(M53,AD53) -> #N/A | AW53: =IFERROR(N53,AE53) -> 0 | AX53: =IFERROR(O53,AF53) -> #N/A
B54: P2 | C54: KENDAL | D54: 1063120251005245 | E54: SOKHIFUL ANAM | F54: Konsumen Aktif M 0 - 6 Lunas | G54: =VLOOKUP(D54,'DATABASE RO'!$B$3:$M$299,4,0) -> CUS063120251008990 | H54: =VLOOKUP(D54,'DATABASE RO'!$B$3:$M$299,5,0) -> YES | I54: =VLOOKUP(D54,'DATABASE RO'!$B$3:$M$299,6,0) -> PLELEN LOR RT 001 /RW 003, Plelen, Gringsing, KAB-Batang, 51281 | J54: =VLOOKUP(D54,'DATABASE RO'!$B$3:$M$299,7,0) -> Plelen | K54: =VLOOKUP(D54,'DATABASE RO'!$B$3:$M$299,8,0) -> Gringsing | L54: =VLOOKUP(D54,'DATABASE RO'!$B$3:$M$299,9,0) -> https://www.google.com/maps?z=12&t=m&q=loc:-6.967080+110.013456 | M54: =VLOOKUP(D54,'DATABASE RO'!$B$3:$M$299,10,0) -> NORMAL | O54: =VLOOKUP(D54,'DATABASE RO'!$B$3:$M$299,12,0) -> 0823 - 26605727 | S54: =B54 -> P2 | T54: =C54 -> KENDAL | U54: =D54 -> 1063120251005245 | V54: =E54 -> SOKHIFUL ANAM | X54: =VLOOKUP(V54,'DATABASE RO'!$C$3:$M$185,3,0) -> CUS063120251008990 | Y54: =VLOOKUP(V54,'DATABASE RO'!$C$3:$M$185,4,0) -> YES | Z54: =VLOOKUP(V54,'DATABASE RO'!$C$3:$M$185,5,0) -> PLELEN LOR RT 001 /RW 003, Plelen, Gringsing, KAB-Batang, 51281 | AA54: =VLOOKUP(V54,'DATABASE RO'!$C$3:$M$185,6,0) -> Plelen | AB54: =VLOOKUP(V54,'DATABASE RO'!$C$3:$M$185,7,0) -> Gringsing | AC54: =VLOOKUP(V54,'DATABASE RO'!$C$3:$M$185,8,0) -> https://www.google.com/maps?z=12&t=m&q=loc:-6.967080+110.013456 | AD54: =VLOOKUP(V54,'DATABASE RO'!$C$3:$M$185,9,0) -> NORMAL | AF54: =VLOOKUP(V54,'DATABASE RO'!$C$3:$M$185,11,0) -> 0823 - 26605727 | AK54: =B54 -> P2 | AL54: =C54 -> KENDAL | AM54: =D54 -> 1063120251005245 | AN54: =E54 -> SOKHIFUL ANAM | AO54: =F54 -> Konsumen Aktif M 0 - 6 Lunas | AP54: =IFERROR(G54,X54) -> CUS063120251008990 | AQ54: =IFERROR(H54,Y54) -> YES | AR54: =IFERROR(I54,Z54) -> PLELEN LOR RT 001 /RW 003, Plelen, Gringsing, KAB-Batang, 51281 | AS54: =IFERROR(J54,AA54) -> Plelen | AT54: =IFERROR(K54,AB54) -> Gringsing | AU54: =IFERROR(L54,AC54) -> https://www.google.com/maps?z=12&t=m&q=loc:-6.967080+110.013456 | AV54: =IFERROR(M54,AD54) -> NORMAL | AW54: =IFERROR(N54,AE54) -> 0 | AX54: =IFERROR(O54,AF54) -> 0823 - 26605727
B55: P2 | C55: KENDAL | D55: 1063120251005273 | E55: Haryanto | F55: Konsumen Aktif M 0 - 6 Lunas | G55: =VLOOKUP(D55,'DATABASE RO'!$B$3:$M$299,4,0) -> CUS063120210304856 | H55: =VLOOKUP(D55,'DATABASE RO'!$B$3:$M$299,5,0) -> YES | I55: =VLOOKUP(D55,'DATABASE RO'!$B$3:$M$299,6,0) -> DK PATUREN RT 03 /RW 04, Pagersari, Patean, KAB-Kendal, 51364 | J55: =VLOOKUP(D55,'DATABASE RO'!$B$3:$M$299,7,0) -> Pagersari | K55: =VLOOKUP(D55,'DATABASE RO'!$B$3:$M$299,8,0) -> Patean | L55: =VLOOKUP(D55,'DATABASE RO'!$B$3:$M$299,9,0) -> 7°06'34.9"S 110°04'50.7"E - Google Maps | M55: =VLOOKUP(D55,'DATABASE RO'!$B$3:$M$299,10,0) -> NORMAL | O55: =VLOOKUP(D55,'DATABASE RO'!$B$3:$M$299,12,0) -> 0838 - 37785369 | S55: =B55 -> P2 | T55: =C55 -> KENDAL | U55: =D55 -> 1063120251005273 | V55: =E55 -> Haryanto | X55: =VLOOKUP(V55,'DATABASE RO'!$C$3:$M$185,3,0) -> CUS063120210304856 | Y55: =VLOOKUP(V55,'DATABASE RO'!$C$3:$M$185,4,0) -> YES | Z55: =VLOOKUP(V55,'DATABASE RO'!$C$3:$M$185,5,0) -> DK PATUREN RT 03 /RW 04, Pagersari, Patean, KAB-Kendal, 51364 | AA55: =VLOOKUP(V55,'DATABASE RO'!$C$3:$M$185,6,0) -> Pagersari | AB55: =VLOOKUP(V55,'DATABASE RO'!$C$3:$M$185,7,0) -> Patean | AC55: =VLOOKUP(V55,'DATABASE RO'!$C$3:$M$185,8,0) -> 7°06'34.9"S 110°04'50.7"E - Google Maps | AD55: =VLOOKUP(V55,'DATABASE RO'!$C$3:$M$185,9,0) -> NORMAL | AF55: =VLOOKUP(V55,'DATABASE RO'!$C$3:$M$185,11,0) -> 0838 - 37785369 | AK55: =B55 -> P2 | AL55: =C55 -> KENDAL | AM55: =D55 -> 1063120251005273 | AN55: =E55 -> Haryanto | AO55: =F55 -> Konsumen Aktif M 0 - 6 Lunas | AP55: =IFERROR(G55,X55) -> CUS063120210304856 | AQ55: =IFERROR(H55,Y55) -> YES | AR55: =IFERROR(I55,Z55) -> DK PATUREN RT 03 /RW 04, Pagersari, Patean, KAB-Kendal, 51364 | AS55: =IFERROR(J55,AA55) -> Pagersari | AT55: =IFERROR(K55,AB55) -> Patean | AU55: =IFERROR(L55,AC55) -> 7°06'34.9"S 110°04'50.7"E - Google Maps | AV55: =IFERROR(M55,AD55) -> NORMAL | AW55: =IFERROR(N55,AE55) -> 0 | AX55: =IFERROR(O55,AF55) -> 0838 - 37785369
B56: P2 | C56: KENDAL | D56: 1063120251105297 | E56: BUDI UTOMO | F56: Konsumen Aktif M 0 - 6 Lunas | G56: =VLOOKUP(D56,'DATABASE RO'!$B$3:$M$299,4,0) -> 063A7501000862 | H56: =VLOOKUP(D56,'DATABASE RO'!$B$3:$M$299,5,0) -> NO | I56: =VLOOKUP(D56,'DATABASE RO'!$B$3:$M$299,6,0) -> KRAJAN TIMUR RT 002 /RW 006, Sambongsari, Weleri, KAB-Kendal, 51355 | J56: =VLOOKUP(D56,'DATABASE RO'!$B$3:$M$299,7,0) -> Sambongsari | K56: =VLOOKUP(D56,'DATABASE RO'!$B$3:$M$299,8,0) -> Weleri | L56: =VLOOKUP(D56,'DATABASE RO'!$B$3:$M$299,9,0) -> https://www.google.com/maps?z=12&t=m&q=loc:-6.972395+110.060835 | M56: =VLOOKUP(D56,'DATABASE RO'!$B$3:$M$299,10,0) -> GOOD | O56: =VLOOKUP(D56,'DATABASE RO'!$B$3:$M$299,12,0) -> 0822 - 80005143 | S56: =B56 -> P2 | T56: =C56 -> KENDAL | U56: =D56 -> 1063120251105297 | V56: =E56 -> BUDI UTOMO | X56: =VLOOKUP(V56,'DATABASE RO'!$C$3:$M$185,3,0) -> 063A7501000862 | Y56: =VLOOKUP(V56,'DATABASE RO'!$C$3:$M$185,4,0) -> NO | Z56: =VLOOKUP(V56,'DATABASE RO'!$C$3:$M$185,5,0) -> KRAJAN TIMUR RT 002 /RW 006, Sambongsari, Weleri, KAB-Kendal, 51355 | AA56: =VLOOKUP(V56,'DATABASE RO'!$C$3:$M$185,6,0) -> Sambongsari | AB56: =VLOOKUP(V56,'DATABASE RO'!$C$3:$M$185,7,0) -> Weleri | AC56: =VLOOKUP(V56,'DATABASE RO'!$C$3:$M$185,8,0) -> https://www.google.com/maps?z=12&t=m&q=loc:-6.972395+110.060835 | AD56: =VLOOKUP(V56,'DATABASE RO'!$C$3:$M$185,9,0) -> GOOD | AF56: =VLOOKUP(V56,'DATABASE RO'!$C$3:$M$185,11,0) -> 0822 - 80005143 | AK56: =B56 -> P2 | AL56: =C56 -> KENDAL | AM56: =D56 -> 1063120251105297 | AN56: =E56 -> BUDI UTOMO | AO56: =F56 -> Konsumen Aktif M 0 - 6 Lunas | AP56: =IFERROR(G56,X56) -> 063A7501000862 | AQ56: =IFERROR(H56,Y56) -> NO | AR56: =IFERROR(I56,Z56) -> KRAJAN TIMUR RT 002 /RW 006, Sambongsari, Weleri, KAB-Kendal, 51355 | AS56: =IFERROR(J56,AA56) -> Sambongsari | AT56: =IFERROR(K56,AB56) -> Weleri | AU56: =IFERROR(L56,AC56) -> https://www.google.com/maps?z=12&t=m&q=loc:-6.972395+110.060835 | AV56: =IFERROR(M56,AD56) -> GOOD | AW56: =IFERROR(N56,AE56) -> 0 | AX56: =IFERROR(O56,AF56) -> 0822 - 80005143
B57: P2 | C57: KENDAL | D57: 1063120251105298 | E57: SLAMET.S | F57: Konsumen Aktif M 0 - 6 Lunas | G57: =VLOOKUP(D57,'DATABASE RO'!$B$3:$M$299,4,0) -> CUS063120220105807 | H57: =VLOOKUP(D57,'DATABASE RO'!$B$3:$M$299,5,0) -> NO | I57: =VLOOKUP(D57,'DATABASE RO'!$B$3:$M$299,6,0) -> KALIBARENG RT 002 /RW 001, Kalibareng, Patean, KAB-Kendal, 51364 | J57: =VLOOKUP(D57,'DATABASE RO'!$B$3:$M$299,7,0) -> Kalibareng | K57: =VLOOKUP(D57,'DATABASE RO'!$B$3:$M$299,8,0) -> Patean | L57: =VLOOKUP(D57,'DATABASE RO'!$B$3:$M$299,9,0) -> https://www.google.com/maps/place/7%C2%B002'47.0%22S+110%C2%B003'59.0%22E/@-7.0715822,110.0242411,13z/data=!4m4!3m3!8m2!3d-7.046375!4d110.066396?entry=ttu&g_ep=EgoyMDI2MDcwNy4wIKXMDSoASAFQAw%3D%3D | M57: =VLOOKUP(D57,'DATABASE RO'!$B$3:$M$299,10,0) -> NORMAL | O57: =VLOOKUP(D57,'DATABASE RO'!$B$3:$M$299,12,0) -> 0813 - 93283556 | S57: =B57 -> P2 | T57: =C57 -> KENDAL | U57: =D57 -> 1063120251105298 | V57: =E57 -> SLAMET.S | X57: =VLOOKUP(V57,'DATABASE RO'!$C$3:$M$185,3,0) -> CUS063120220105807 | Y57: =VLOOKUP(V57,'DATABASE RO'!$C$3:$M$185,4,0) -> NO | Z57: =VLOOKUP(V57,'DATABASE RO'!$C$3:$M$185,5,0) -> KALIBARENG RT 002 /RW 001, Kalibareng, Patean, KAB-Kendal, 51364 | AA57: =VLOOKUP(V57,'DATABASE RO'!$C$3:$M$185,6,0) -> Kalibareng | AB57: =VLOOKUP(V57,'DATABASE RO'!$C$3:$M$185,7,0) -> Patean | AC57: =VLOOKUP(V57,'DATABASE RO'!$C$3:$M$185,8,0) -> https://www.google.com/maps/place/7%C2%B002'47.0%22S+110%C2%B003'59.0%22E/@-7.0715822,110.0242411,13z/data=!4m4!3m3!8m2!3d-7.046375!4d110.066396?entry=ttu&g_ep=EgoyMDI2MDcwNy4wIKXMDSoASAFQAw%3D%3D | AD57: =VLOOKUP(V57,'DATABASE RO'!$C$3:$M$185,9,0) -> NORMAL | AF57: =VLOOKUP(V57,'DATABASE RO'!$C$3:$M$185,11,0) -> 0813 - 93283556 | AK57: =B57 -> P2 | AL57: =C57 -> KENDAL | AM57: =D57 -> 1063120251105298 | AN57: =E57 -> SLAMET.S | AO57: =F57 -> Konsumen Aktif M 0 - 6 Lunas | AP57: =IFERROR(G57,X57) -> CUS063120220105807 | AQ57: =IFERROR(H57,Y57) -> NO | AR57: =IFERROR(I57,Z57) -> KALIBARENG RT 002 /RW 001, Kalibareng, Patean, KAB-Kendal, 51364 | AS57: =IFERROR(J57,AA57) -> Kalibareng | AT57: =IFERROR(K57,AB57) -> Patean | AU57: =IFERROR(L57,AC57) -> https://www.google.com/maps/place/7%C2%B002'47.0%22S+110%C2%B003'59.0%22E/@-7.0715822,110.0242411,13z/data=!4m4!3m3!8m2!3d-7.046375!4d110.066396?entry=ttu&g_ep=EgoyMDI2MDcwNy4wIKXMDSoASAFQAw%3D%3D | AV57: =IFERROR(M57,AD57) -> NORMAL | AW57: =IFERROR(N57,AE57) -> 0 | AX57: =IFERROR(O57,AF57) -> 0813 - 93283556
A58: VLOOKUP NAMA | B58: P2 | C58: KENDAL | D58: 1063120251105306 | E58: ENDAHWATI | F58: Konsumen Aktif M 0 - 6 Lunas | G58: =VLOOKUP(D58,'DATABASE RO'!$B$3:$M$299,4,0) -> #N/A | H58: =VLOOKUP(D58,'DATABASE RO'!$B$3:$M$299,5,0) -> #N/A | I58: =VLOOKUP(D58,'DATABASE RO'!$B$3:$M$299,6,0) -> #N/A | J58: =VLOOKUP(D58,'DATABASE RO'!$B$3:$M$299,7,0) -> #N/A | K58: =VLOOKUP(D58,'DATABASE RO'!$B$3:$M$299,8,0) -> #N/A | L58: =VLOOKUP(D58,'DATABASE RO'!$B$3:$M$299,9,0) -> #N/A | M58: =VLOOKUP(D58,'DATABASE RO'!$B$3:$M$299,10,0) -> #N/A | O58: =VLOOKUP(D58,'DATABASE RO'!$B$3:$M$299,12,0) -> #N/A | S58: =B58 -> P2 | T58: =C58 -> KENDAL | U58: =D58 -> 1063120251105306 | V58: =E58 -> ENDAHWATI | X58: =VLOOKUP(V58,'DATABASE RO'!$C$3:$M$185,3,0) -> #N/A | Y58: =VLOOKUP(V58,'DATABASE RO'!$C$3:$M$185,4,0) -> #N/A | Z58: =VLOOKUP(V58,'DATABASE RO'!$C$3:$M$185,5,0) -> #N/A | AA58: =VLOOKUP(V58,'DATABASE RO'!$C$3:$M$185,6,0) -> #N/A | AB58: =VLOOKUP(V58,'DATABASE RO'!$C$3:$M$185,7,0) -> #N/A | AC58: =VLOOKUP(V58,'DATABASE RO'!$C$3:$M$185,8,0) -> #N/A | AD58: =VLOOKUP(V58,'DATABASE RO'!$C$3:$M$185,9,0) -> #N/A | AF58: =VLOOKUP(V58,'DATABASE RO'!$C$3:$M$185,11,0) -> #N/A | AJ58: VLOOKUP NAMA | AK58: =B58 -> P2 | AL58: =C58 -> KENDAL | AM58: =D58 -> 1063120251105306 | AN58: =E58 -> ENDAHWATI | AO58: =F58 -> Konsumen Aktif M 0 - 6 Lunas | AP58: =IFERROR(G58,X58) -> #N/A | AQ58: =IFERROR(H58,Y58) -> #N/A | AR58: =IFERROR(I58,Z58) -> #N/A | AS58: =IFERROR(J58,AA58) -> #N/A | AT58: =IFERROR(K58,AB58) -> #N/A | AU58: =IFERROR(L58,AC58) -> #N/A | AV58: =IFERROR(M58,AD58) -> #N/A | AW58: =IFERROR(N58,AE58) -> 0 | AX58: =IFERROR(O58,AF58) -> #N/A
A59: VLOOKUP NAMA | B59: P2 | C59: KENDAL | D59: 1063120251105309 | E59: INDAH SETYONINGSIH | F59: Konsumen Aktif M 0 - 6 Lunas | G59: =VLOOKUP(D59,'DATABASE RO'!$B$3:$M$299,4,0) -> #N/A | H59: =VLOOKUP(D59,'DATABASE RO'!$B$3:$M$299,5,0) -> #N/A | I59: =VLOOKUP(D59,'DATABASE RO'!$B$3:$M$299,6,0) -> #N/A | J59: =VLOOKUP(D59,'DATABASE RO'!$B$3:$M$299,7,0) -> #N/A | K59: =VLOOKUP(D59,'DATABASE RO'!$B$3:$M$299,8,0) -> #N/A | L59: =VLOOKUP(D59,'DATABASE RO'!$B$3:$M$299,9,0) -> #N/A | M59: =VLOOKUP(D59,'DATABASE RO'!$B$3:$M$299,10,0) -> #N/A | O59: =VLOOKUP(D59,'DATABASE RO'!$B$3:$M$299,12,0) -> #N/A | S59: =B59 -> P2 | T59: =C59 -> KENDAL | U59: =D59 -> 1063120251105309 | V59: =E59 -> INDAH SETYONINGSIH | X59: =VLOOKUP(V59,'DATABASE RO'!$C$3:$M$185,3,0) -> #N/A | Y59: =VLOOKUP(V59,'DATABASE RO'!$C$3:$M$185,4,0) -> #N/A | Z59: =VLOOKUP(V59,'DATABASE RO'!$C$3:$M$185,5,0) -> #N/A | AA59: =VLOOKUP(V59,'DATABASE RO'!$C$3:$M$185,6,0) -> #N/A | AB59: =VLOOKUP(V59,'DATABASE RO'!$C$3:$M$185,7,0) -> #N/A | AC59: =VLOOKUP(V59,'DATABASE RO'!$C$3:$M$185,8,0) -> #N/A | AD59: =VLOOKUP(V59,'DATABASE RO'!$C$3:$M$185,9,0) -> #N/A | AF59: =VLOOKUP(V59,'DATABASE RO'!$C$3:$M$185,11,0) -> #N/A | AJ59: VLOOKUP NAMA | AK59: =B59 -> P2 | AL59: =C59 -> KENDAL | AM59: =D59 -> 1063120251105309 | AN59: =E59 -> INDAH SETYONINGSIH | AO59: =F59 -> Konsumen Aktif M 0 - 6 Lunas | AP59: =IFERROR(G59,X59) -> #N/A | AQ59: =IFERROR(H59,Y59) -> #N/A | AR59: =IFERROR(I59,Z59) -> #N/A | AS59: =IFERROR(J59,AA59) -> #N/A | AT59: =IFERROR(K59,AB59) -> #N/A | AU59: =IFERROR(L59,AC59) -> #N/A | AV59: =IFERROR(M59,AD59) -> #N/A | AW59: =IFERROR(N59,AE59) -> 0 | AX59: =IFERROR(O59,AF59) -> #N/A
A60: VLOOKUP NAMA | B60: P2 | C60: KENDAL | D60: 1063120251205333 | E60: RUNODHO | F60: Konsumen Aktif M 0 - 6 Lunas | G60: =VLOOKUP(D60,'DATABASE RO'!$B$3:$M$299,4,0) -> #N/A | H60: =VLOOKUP(D60,'DATABASE RO'!$B$3:$M$299,5,0) -> #N/A | I60: =VLOOKUP(D60,'DATABASE RO'!$B$3:$M$299,6,0) -> #N/A | J60: =VLOOKUP(D60,'DATABASE RO'!$B$3:$M$299,7,0) -> #N/A | K60: =VLOOKUP(D60,'DATABASE RO'!$B$3:$M$299,8,0) -> #N/A | L60: =VLOOKUP(D60,'DATABASE RO'!$B$3:$M$299,9,0) -> #N/A | M60: =VLOOKUP(D60,'DATABASE RO'!$B$3:$M$299,10,0) -> #N/A | O60: =VLOOKUP(D60,'DATABASE RO'!$B$3:$M$299,12,0) -> #N/A | S60: =B60 -> P2 | T60: =C60 -> KENDAL | U60: =D60 -> 1063120251205333 | V60: =E60 -> RUNODHO | X60: =VLOOKUP(V60,'DATABASE RO'!$C$3:$M$185,3,0) -> #N/A | Y60: =VLOOKUP(V60,'DATABASE RO'!$C$3:$M$185,4,0) -> #N/A | Z60: =VLOOKUP(V60,'DATABASE RO'!$C$3:$M$185,5,0) -> #N/A | AA60: =VLOOKUP(V60,'DATABASE RO'!$C$3:$M$185,6,0) -> #N/A | AB60: =VLOOKUP(V60,'DATABASE RO'!$C$3:$M$185,7,0) -> #N/A | AC60: =VLOOKUP(V60,'DATABASE RO'!$C$3:$M$185,8,0) -> #N/A | AD60: =VLOOKUP(V60,'DATABASE RO'!$C$3:$M$185,9,0) -> #N/A | AF60: =VLOOKUP(V60,'DATABASE RO'!$C$3:$M$185,11,0) -> #N/A | AJ60: VLOOKUP NAMA | AK60: =B60 -> P2 | AL60: =C60 -> KENDAL | AM60: =D60 -> 1063120251205333 | AN60: =E60 -> RUNODHO | AO60: =F60 -> Konsumen Aktif M 0 - 6 Lunas | AP60: =IFERROR(G60,X60) -> #N/A | AQ60: =IFERROR(H60,Y60) -> #N/A | AR60: =IFERROR(I60,Z60) -> #N/A | AS60: =IFERROR(J60,AA60) -> #N/A | AT60: =IFERROR(K60,AB60) -> #N/A | AU60: =IFERROR(L60,AC60) -> #N/A | AV60: =IFERROR(M60,AD60) -> #N/A | AW60: =IFERROR(N60,AE60) -> 0 | AX60: =IFERROR(O60,AF60) -> #N/A
B61: P2 | C61: KENDAL | D61: 1063120260105352 | E61: SUGENG LISTIAWAN | F61: Konsumen Aktif M 0 - 6 Lunas | G61: =VLOOKUP(D61,'DATABASE RO'!$B$3:$M$299,4,0) -> CUS063120190400364 | H61: =VLOOKUP(D61,'DATABASE RO'!$B$3:$M$299,5,0) -> YES | I61: =VLOOKUP(D61,'DATABASE RO'!$B$3:$M$299,6,0) -> WATUDONO RT 002 /RW 005, Surokonto Wetan, Pagerruyung, KAB-Kendal, 51361 | J61: =VLOOKUP(D61,'DATABASE RO'!$B$3:$M$299,7,0) -> Surokonto Wetan | K61: =VLOOKUP(D61,'DATABASE RO'!$B$3:$M$299,8,0) -> Pagerruyung | L61: =VLOOKUP(D61,'DATABASE RO'!$B$3:$M$299,9,0) -> https://www.google.com/maps?z=12&t=m&q=loc:-7.019104+110.054403 | M61: =VLOOKUP(D61,'DATABASE RO'!$B$3:$M$299,10,0) -> GOOD | O61: =VLOOKUP(D61,'DATABASE RO'!$B$3:$M$299,12,0) -> 0823 - 24295732 | S61: =B61 -> P2 | T61: =C61 -> KENDAL | U61: =D61 -> 1063120260105352 | V61: =E61 -> SUGENG LISTIAWAN | X61: =VLOOKUP(V61,'DATABASE RO'!$C$3:$M$185,3,0) -> CUS063120190400364 | Y61: =VLOOKUP(V61,'DATABASE RO'!$C$3:$M$185,4,0) -> YES | Z61: =VLOOKUP(V61,'DATABASE RO'!$C$3:$M$185,5,0) -> WATUDONO RT 002 /RW 005, Surokonto Wetan, Pagerruyung, KAB-Kendal, 51361 | AA61: =VLOOKUP(V61,'DATABASE RO'!$C$3:$M$185,6,0) -> Surokonto Wetan | AB61: =VLOOKUP(V61,'DATABASE RO'!$C$3:$M$185,7,0) -> Pagerruyung | AC61: =VLOOKUP(V61,'DATABASE RO'!$C$3:$M$185,8,0) -> https://www.google.com/maps/place/7%C2%B004'48.8%22S+110%C2%B002'56.0%22E/@-7.08023,110.0463121,17z/data=!3m1!4b1!4m4!3m3!8m2!3d-7.08023!4d110.048887?entry=ttu&g_ep=EgoyMDI1MTAwOC4wIKXMDSoASAFQAw%3D%3D | AD61: =VLOOKUP(V61,'DATABASE RO'!$C$3:$M$185,9,0) -> 0 | AF61: =VLOOKUP(V61,'DATABASE RO'!$C$3:$M$185,11,0) -> 0823 - 24295732 | AK61: =B61 -> P2 | AL61: =C61 -> KENDAL | AM61: =D61 -> 1063120260105352 | AN61: =E61 -> SUGENG LISTIAWAN | AO61: =F61 -> Konsumen Aktif M 0 - 6 Lunas | AP61: =IFERROR(G61,X61) -> CUS063120190400364 | AQ61: =IFERROR(H61,Y61) -> YES | AR61: =IFERROR(I61,Z61) -> WATUDONO RT 002 /RW 005, Surokonto Wetan, Pagerruyung, KAB-Kendal, 51361 | AS61: =IFERROR(J61,AA61) -> Surokonto Wetan | AT61: =IFERROR(K61,AB61) -> Pagerruyung | AU61: =IFERROR(L61,AC61) -> https://www.google.com/maps?z=12&t=m&q=loc:-7.019104+110.054403 | AV61: =IFERROR(M61,AD61) -> GOOD | AW61: =IFERROR(N61,AE61) -> 0 | AX61: =IFERROR(O61,AF61) -> 0823 - 24295732
A62: VLOOKUP NAMA | B62: P2 | C62: KENDAL | D62: 1063120260105354 | E62: YUYUN PRAMITA | F62: Konsumen Aktif M 0 - 6 Lunas | G62: =VLOOKUP(D62,'DATABASE RO'!$B$3:$M$299,4,0) -> #N/A | H62: =VLOOKUP(D62,'DATABASE RO'!$B$3:$M$299,5,0) -> #N/A | I62: =VLOOKUP(D62,'DATABASE RO'!$B$3:$M$299,6,0) -> #N/A | J62: =VLOOKUP(D62,'DATABASE RO'!$B$3:$M$299,7,0) -> #N/A | K62: =VLOOKUP(D62,'DATABASE RO'!$B$3:$M$299,8,0) -> #N/A | L62: =VLOOKUP(D62,'DATABASE RO'!$B$3:$M$299,9,0) -> #N/A | M62: =VLOOKUP(D62,'DATABASE RO'!$B$3:$M$299,10,0) -> #N/A | O62: =VLOOKUP(D62,'DATABASE RO'!$B$3:$M$299,12,0) -> #N/A | S62: =B62 -> P2 | T62: =C62 -> KENDAL | U62: =D62 -> 1063120260105354 | V62: =E62 -> YUYUN PRAMITA | X62: =VLOOKUP(V62,'DATABASE RO'!$C$3:$M$185,3,0) -> #N/A | Y62: =VLOOKUP(V62,'DATABASE RO'!$C$3:$M$185,4,0) -> #N/A | Z62: =VLOOKUP(V62,'DATABASE RO'!$C$3:$M$185,5,0) -> #N/A | AA62: =VLOOKUP(V62,'DATABASE RO'!$C$3:$M$185,6,0) -> #N/A | AB62: =VLOOKUP(V62,'DATABASE RO'!$C$3:$M$185,7,0) -> #N/A | AC62: =VLOOKUP(V62,'DATABASE RO'!$C$3:$M$185,8,0) -> #N/A | AD62: =VLOOKUP(V62,'DATABASE RO'!$C$3:$M$185,9,0) -> #N/A | AF62: =VLOOKUP(V62,'DATABASE RO'!$C$3:$M$185,11,0) -> #N/A | AJ62: VLOOKUP NAMA | AK62: =B62 -> P2 | AL62: =C62 -> KENDAL | AM62: =D62 -> 1063120260105354 | AN62: =E62 -> YUYUN PRAMITA | AO62: =F62 -> Konsumen Aktif M 0 - 6 Lunas | AP62: =IFERROR(G62,X62) -> #N/A | AQ62: =IFERROR(H62,Y62) -> #N/A | AR62: =IFERROR(I62,Z62) -> #N/A | AS62: =IFERROR(J62,AA62) -> #N/A | AT62: =IFERROR(K62,AB62) -> #N/A | AU62: =IFERROR(L62,AC62) -> #N/A | AV62: =IFERROR(M62,AD62) -> #N/A | AW62: =IFERROR(N62,AE62) -> 0 | AX62: =IFERROR(O62,AF62) -> #N/A
A63: VLOOKUP NAMA | B63: P2 | C63: KENDAL | D63: 1063120260105360 | E63: SRI WIDANINGSIH | F63: Konsumen Aktif M 0 - 6 Lunas | G63: =VLOOKUP(D63,'DATABASE RO'!$B$3:$M$299,4,0) -> #N/A | H63: =VLOOKUP(D63,'DATABASE RO'!$B$3:$M$299,5,0) -> #N/A | I63: =VLOOKUP(D63,'DATABASE RO'!$B$3:$M$299,6,0) -> #N/A | J63: =VLOOKUP(D63,'DATABASE RO'!$B$3:$M$299,7,0) -> #N/A | K63: =VLOOKUP(D63,'DATABASE RO'!$B$3:$M$299,8,0) -> #N/A | L63: =VLOOKUP(D63,'DATABASE RO'!$B$3:$M$299,9,0) -> #N/A | M63: =VLOOKUP(D63,'DATABASE RO'!$B$3:$M$299,10,0) -> #N/A | O63: =VLOOKUP(D63,'DATABASE RO'!$B$3:$M$299,12,0) -> #N/A | S63: =B63 -> P2 | T63: =C63 -> KENDAL | U63: =D63 -> 1063120260105360 | V63: =E63 -> SRI WIDANINGSIH | X63: =VLOOKUP(V63,'DATABASE RO'!$C$3:$M$185,3,0) -> #N/A | Y63: =VLOOKUP(V63,'DATABASE RO'!$C$3:$M$185,4,0) -> #N/A | Z63: =VLOOKUP(V63,'DATABASE RO'!$C$3:$M$185,5,0) -> #N/A | AA63: =VLOOKUP(V63,'DATABASE RO'!$C$3:$M$185,6,0) -> #N/A | AB63: =VLOOKUP(V63,'DATABASE RO'!$C$3:$M$185,7,0) -> #N/A | AC63: =VLOOKUP(V63,'DATABASE RO'!$C$3:$M$185,8,0) -> #N/A | AD63: =VLOOKUP(V63,'DATABASE RO'!$C$3:$M$185,9,0) -> #N/A | AF63: =VLOOKUP(V63,'DATABASE RO'!$C$3:$M$185,11,0) -> #N/A | AJ63: VLOOKUP NAMA | AK63: =B63 -> P2 | AL63: =C63 -> KENDAL | AM63: =D63 -> 1063120260105360 | AN63: =E63 -> SRI WIDANINGSIH | AO63: =F63 -> Konsumen Aktif M 0 - 6 Lunas | AP63: =IFERROR(G63,X63) -> #N/A | AQ63: =IFERROR(H63,Y63) -> #N/A | AR63: =IFERROR(I63,Z63) -> #N/A | AS63: =IFERROR(J63,AA63) -> #N/A | AT63: =IFERROR(K63,AB63) -> #N/A | AU63: =IFERROR(L63,AC63) -> #N/A | AV63: =IFERROR(M63,AD63) -> #N/A | AW63: =IFERROR(N63,AE63) -> 0 | AX63: =IFERROR(O63,AF63) -> #N/A
A64: VLOOKUP NAMA | B64: P2 | C64: KENDAL | D64: 1063120260105366 | E64: KISYOTO HADIS | F64: Konsumen Aktif M 0 - 6 Lunas | G64: =VLOOKUP(D64,'DATABASE RO'!$B$3:$M$299,4,0) -> #N/A | H64: =VLOOKUP(D64,'DATABASE RO'!$B$3:$M$299,5,0) -> #N/A | I64: =VLOOKUP(D64,'DATABASE RO'!$B$3:$M$299,6,0) -> #N/A | J64: =VLOOKUP(D64,'DATABASE RO'!$B$3:$M$299,7,0) -> #N/A | K64: =VLOOKUP(D64,'DATABASE RO'!$B$3:$M$299,8,0) -> #N/A | L64: =VLOOKUP(D64,'DATABASE RO'!$B$3:$M$299,9,0) -> #N/A | M64: =VLOOKUP(D64,'DATABASE RO'!$B$3:$M$299,10,0) -> #N/A | O64: =VLOOKUP(D64,'DATABASE RO'!$B$3:$M$299,12,0) -> #N/A | S64: =B64 -> P2 | T64: =C64 -> KENDAL | U64: =D64 -> 1063120260105366 | V64: =E64 -> KISYOTO HADIS | X64: =VLOOKUP(V64,'DATABASE RO'!$C$3:$M$185,3,0) -> #N/A | Y64: =VLOOKUP(V64,'DATABASE RO'!$C$3:$M$185,4,0) -> #N/A | Z64: =VLOOKUP(V64,'DATABASE RO'!$C$3:$M$185,5,0) -> #N/A | AA64: =VLOOKUP(V64,'DATABASE RO'!$C$3:$M$185,6,0) -> #N/A | AB64: =VLOOKUP(V64,'DATABASE RO'!$C$3:$M$185,7,0) -> #N/A | AC64: =VLOOKUP(V64,'DATABASE RO'!$C$3:$M$185,8,0) -> #N/A | AD64: =VLOOKUP(V64,'DATABASE RO'!$C$3:$M$185,9,0) -> #N/A | AF64: =VLOOKUP(V64,'DATABASE RO'!$C$3:$M$185,11,0) -> #N/A | AJ64: VLOOKUP NAMA | AK64: =B64 -> P2 | AL64: =C64 -> KENDAL | AM64: =D64 -> 1063120260105366 | AN64: =E64 -> KISYOTO HADIS | AO64: =F64 -> Konsumen Aktif M 0 - 6 Lunas | AP64: =IFERROR(G64,X64) -> #N/A | AQ64: =IFERROR(H64,Y64) -> #N/A | AR64: =IFERROR(I64,Z64) -> #N/A | AS64: =IFERROR(J64,AA64) -> #N/A | AT64: =IFERROR(K64,AB64) -> #N/A | AU64: =IFERROR(L64,AC64) -> #N/A | AV64: =IFERROR(M64,AD64) -> #N/A | AW64: =IFERROR(N64,AE64) -> 0 | AX64: =IFERROR(O64,AF64) -> #N/A
A65: VLOOKUP NAMA | B65: P2 | C65: KENDAL | D65: 1063120260205394 | E65: TUTI GONDO MARTONO | F65: Konsumen Aktif M 0 - 6 Lunas | G65: =VLOOKUP(D65,'DATABASE RO'!$B$3:$M$299,4,0) -> #N/A | H65: =VLOOKUP(D65,'DATABASE RO'!$B$3:$M$299,5,0) -> #N/A | I65: =VLOOKUP(D65,'DATABASE RO'!$B$3:$M$299,6,0) -> #N/A | J65: =VLOOKUP(D65,'DATABASE RO'!$B$3:$M$299,7,0) -> #N/A | K65: =VLOOKUP(D65,'DATABASE RO'!$B$3:$M$299,8,0) -> #N/A | L65: =VLOOKUP(D65,'DATABASE RO'!$B$3:$M$299,9,0) -> #N/A | M65: =VLOOKUP(D65,'DATABASE RO'!$B$3:$M$299,10,0) -> #N/A | O65: =VLOOKUP(D65,'DATABASE RO'!$B$3:$M$299,12,0) -> #N/A | S65: =B65 -> P2 | T65: =C65 -> KENDAL | U65: =D65 -> 1063120260205394 | V65: =E65 -> TUTI GONDO MARTONO | X65: =VLOOKUP(V65,'DATABASE RO'!$C$3:$M$185,3,0) -> #N/A | Y65: =VLOOKUP(V65,'DATABASE RO'!$C$3:$M$185,4,0) -> #N/A | Z65: =VLOOKUP(V65,'DATABASE RO'!$C$3:$M$185,5,0) -> #N/A | AA65: =VLOOKUP(V65,'DATABASE RO'!$C$3:$M$185,6,0) -> #N/A | AB65: =VLOOKUP(V65,'DATABASE RO'!$C$3:$M$185,7,0) -> #N/A | AC65: =VLOOKUP(V65,'DATABASE RO'!$C$3:$M$185,8,0) -> #N/A | AD65: =VLOOKUP(V65,'DATABASE RO'!$C$3:$M$185,9,0) -> #N/A | AF65: =VLOOKUP(V65,'DATABASE RO'!$C$3:$M$185,11,0) -> #N/A | AJ65: VLOOKUP NAMA | AK65: =B65 -> P2 | AL65: =C65 -> KENDAL | AM65: =D65 -> 1063120260205394 | AN65: =E65 -> TUTI GONDO MARTONO | AO65: =F65 -> Konsumen Aktif M 0 - 6 Lunas | AP65: =IFERROR(G65,X65) -> #N/A | AQ65: =IFERROR(H65,Y65) -> #N/A | AR65: =IFERROR(I65,Z65) -> #N/A | AS65: =IFERROR(J65,AA65) -> #N/A | AT65: =IFERROR(K65,AB65) -> #N/A | AU65: =IFERROR(L65,AC65) -> #N/A | AV65: =IFERROR(M65,AD65) -> #N/A | AW65: =IFERROR(N65,AE65) -> 0 | AX65: =IFERROR(O65,AF65) -> #N/A
A66: VLOOKUP NAMA | B66: P2 | C66: KENDAL | D66: 1063120260205399 | E66: SUTOMO | F66: Konsumen Aktif M 0 - 6 Lunas | G66: =VLOOKUP(D66,'DATABASE RO'!$B$3:$M$299,4,0) -> #N/A | H66: =VLOOKUP(D66,'DATABASE RO'!$B$3:$M$299,5,0) -> #N/A | I66: =VLOOKUP(D66,'DATABASE RO'!$B$3:$M$299,6,0) -> #N/A | J66: =VLOOKUP(D66,'DATABASE RO'!$B$3:$M$299,7,0) -> #N/A | K66: =VLOOKUP(D66,'DATABASE RO'!$B$3:$M$299,8,0) -> #N/A | L66: =VLOOKUP(D66,'DATABASE RO'!$B$3:$M$299,9,0) -> #N/A | M66: =VLOOKUP(D66,'DATABASE RO'!$B$3:$M$299,10,0) -> #N/A | O66: =VLOOKUP(D66,'DATABASE RO'!$B$3:$M$299,12,0) -> #N/A | S66: =B66 -> P2 | T66: =C66 -> KENDAL | U66: =D66 -> 1063120260205399 | V66: =E66 -> SUTOMO | X66: =VLOOKUP(V66,'DATABASE RO'!$C$3:$M$185,3,0) -> P19002008564 | Y66: =VLOOKUP(V66,'DATABASE RO'!$C$3:$M$185,4,0) -> NO | Z66: =VLOOKUP(V66,'DATABASE RO'!$C$3:$M$185,5,0) -> KP. KEMANTENAN RT 004 /RW 007, Kutoharjo, Kaliwungu, KAB-Kendal, 51372 | AA66: =VLOOKUP(V66,'DATABASE RO'!$C$3:$M$185,6,0) -> KUTOHARJO | AB66: =VLOOKUP(V66,'DATABASE RO'!$C$3:$M$185,7,0) -> Kaliwungu | AC66: =VLOOKUP(V66,'DATABASE RO'!$C$3:$M$185,8,0) -> https://www.google.com/maps?z=12&t=m&q=loc:-6.959046+110.260026 | AD66: =VLOOKUP(V66,'DATABASE RO'!$C$3:$M$185,9,0) -> GOOD | AF66: =VLOOKUP(V66,'DATABASE RO'!$C$3:$M$185,11,0) -> 0895692242590 | AJ66: VLOOKUP NAMA | AK66: =B66 -> P2 | AL66: =C66 -> KENDAL | AM66: =D66 -> 1063120260205399 | AN66: =E66 -> SUTOMO | AO66: =F66 -> Konsumen Aktif M 0 - 6 Lunas | AP66: =IFERROR(G66,X66) -> P19002008564 | AQ66: =IFERROR(H66,Y66) -> NO | AR66: =IFERROR(I66,Z66) -> KP. KEMANTENAN RT 004 /RW 007, Kutoharjo, Kaliwungu, KAB-Kendal, 51372 | AS66: =IFERROR(J66,AA66) -> KUTOHARJO | AT66: =IFERROR(K66,AB66) -> Kaliwungu | AU66: =IFERROR(L66,AC66) -> https://www.google.com/maps?z=12&t=m&q=loc:-6.959046+110.260026 | AV66: =IFERROR(M66,AD66) -> GOOD | AW66: =IFERROR(N66,AE66) -> 0 | AX66: =IFERROR(O66,AF66) -> 0895692242590
A67: VLOOKUP NAMA | B67: P2 | C67: KENDAL | D67: 1577120241004913 | E67: Zamahsari | F67: Konsumen Aktif M 0 - 6 Lunas | G67: =VLOOKUP(D67,'DATABASE RO'!$B$3:$M$299,4,0) -> #N/A | H67: =VLOOKUP(D67,'DATABASE RO'!$B$3:$M$299,5,0) -> #N/A | I67: =VLOOKUP(D67,'DATABASE RO'!$B$3:$M$299,6,0) -> #N/A | J67: =VLOOKUP(D67,'DATABASE RO'!$B$3:$M$299,7,0) -> #N/A | K67: =VLOOKUP(D67,'DATABASE RO'!$B$3:$M$299,8,0) -> #N/A | L67: =VLOOKUP(D67,'DATABASE RO'!$B$3:$M$299,9,0) -> #N/A | M67: =VLOOKUP(D67,'DATABASE RO'!$B$3:$M$299,10,0) -> #N/A | O67: =VLOOKUP(D67,'DATABASE RO'!$B$3:$M$299,12,0) -> #N/A | S67: =B67 -> P2 | T67: =C67 -> KENDAL | U67: =D67 -> 1577120241004913 | V67: =E67 -> Zamahsari | X67: =VLOOKUP(V67,'DATABASE RO'!$C$3:$M$185,3,0) -> CUS589120200300570 | Y67: =VLOOKUP(V67,'DATABASE RO'!$C$3:$M$185,4,0) -> YES | Z67: =VLOOKUP(V67,'DATABASE RO'!$C$3:$M$185,5,0) -> DK. DLISEN RT 004 /RW 001, Dlisen, Limpung, KAB-Batang, 51271 | AA67: =VLOOKUP(V67,'DATABASE RO'!$C$3:$M$185,6,0) -> DLISEN | AB67: =VLOOKUP(V67,'DATABASE RO'!$C$3:$M$185,7,0) -> LIMPUNG | AC67: =VLOOKUP(V67,'DATABASE RO'!$C$3:$M$185,8,0) -> https://www.google.com/maps?z=12&t=m&q=loc:-7.005355+109.942639 | AD67: =VLOOKUP(V67,'DATABASE RO'!$C$3:$M$185,9,0) -> GOOD | AF67: =VLOOKUP(V67,'DATABASE RO'!$C$3:$M$185,11,0) -> 85219345280 | AJ67: VLOOKUP NAMA | AK67: =B67 -> P2 | AL67: =C67 -> KENDAL | AM67: =D67 -> 1577120241004913 | AN67: =E67 -> Zamahsari | AO67: =F67 -> Konsumen Aktif M 0 - 6 Lunas | AP67: =IFERROR(G67,X67) -> CUS589120200300570 | AQ67: =IFERROR(H67,Y67) -> YES | AR67: =IFERROR(I67,Z67) -> DK. DLISEN RT 004 /RW 001, Dlisen, Limpung, KAB-Batang, 51271 | AS67: =IFERROR(J67,AA67) -> DLISEN | AT67: =IFERROR(K67,AB67) -> LIMPUNG | AU67: =IFERROR(L67,AC67) -> https://www.google.com/maps?z=12&t=m&q=loc:-7.005355+109.942639 | AV67: =IFERROR(M67,AD67) -> GOOD | AW67: =IFERROR(N67,AE67) -> 0 | AX67: =IFERROR(O67,AF67) -> 85219345280
A68: VLOOKUP NAMA | B68: P2 | C68: KENDAL | D68: 1641120250806460 | E68: WAHYU FITA ERNAWATI | F68: Konsumen Aktif M 0 - 6 Lunas | G68: =VLOOKUP(D68,'DATABASE RO'!$B$3:$M$299,4,0) -> #N/A | H68: =VLOOKUP(D68,'DATABASE RO'!$B$3:$M$299,5,0) -> #N/A | I68: =VLOOKUP(D68,'DATABASE RO'!$B$3:$M$299,6,0) -> #N/A | J68: =VLOOKUP(D68,'DATABASE RO'!$B$3:$M$299,7,0) -> #N/A | K68: =VLOOKUP(D68,'DATABASE RO'!$B$3:$M$299,8,0) -> #N/A | L68: =VLOOKUP(D68,'DATABASE RO'!$B$3:$M$299,9,0) -> #N/A | M68: =VLOOKUP(D68,'DATABASE RO'!$B$3:$M$299,10,0) -> #N/A | O68: =VLOOKUP(D68,'DATABASE RO'!$B$3:$M$299,12,0) -> #N/A | S68: =B68 -> P2 | T68: =C68 -> KENDAL | U68: =D68 -> 1641120250806460 | V68: =E68 -> WAHYU FITA ERNAWATI | X68: =VLOOKUP(V68,'DATABASE RO'!$C$3:$M$185,3,0) -> #N/A | Y68: =VLOOKUP(V68,'DATABASE RO'!$C$3:$M$185,4,0) -> #N/A | Z68: =VLOOKUP(V68,'DATABASE RO'!$C$3:$M$185,5,0) -> #N/A | AA68: =VLOOKUP(V68,'DATABASE RO'!$C$3:$M$185,6,0) -> #N/A | AB68: =VLOOKUP(V68,'DATABASE RO'!$C$3:$M$185,7,0) -> #N/A | AC68: =VLOOKUP(V68,'DATABASE RO'!$C$3:$M$185,8,0) -> #N/A | AD68: =VLOOKUP(V68,'DATABASE RO'!$C$3:$M$185,9,0) -> #N/A | AF68: =VLOOKUP(V68,'DATABASE RO'!$C$3:$M$185,11,0) -> #N/A | AJ68: VLOOKUP NAMA | AK68: =B68 -> P2 | AL68: =C68 -> KENDAL | AM68: =D68 -> 1641120250806460 | AN68: =E68 -> WAHYU FITA ERNAWATI | AO68: =F68 -> Konsumen Aktif M 0 - 6 Lunas | AP68: =IFERROR(G68,X68) -> #N/A | AQ68: =IFERROR(H68,Y68) -> #N/A | AR68: =IFERROR(I68,Z68) -> #N/A | AS68: =IFERROR(J68,AA68) -> #N/A | AT68: =IFERROR(K68,AB68) -> #N/A | AU68: =IFERROR(L68,AC68) -> #N/A | AV68: =IFERROR(M68,AD68) -> #N/A | AW68: =IFERROR(N68,AE68) -> 0 | AX68: =IFERROR(O68,AF68) -> #N/A
B69: P2 | C69: KENDAL | D69: 1684120241200196 | E69: LINDA PUSPITA | F69: Konsumen Aktif M 0 - 6 Lunas | G69: =VLOOKUP(D69,'DATABASE RO'!$B$3:$M$299,4,0) -> CUS684120241200472 | H69: =VLOOKUP(D69,'DATABASE RO'!$B$3:$M$299,5,0) -> YES | I69: =VLOOKUP(D69,'DATABASE RO'!$B$3:$M$299,6,0) -> MANGIR RT 002 /RW 004, Nolokerto, Kaliwungu, KAB-Kendal, 51372 | J69: =VLOOKUP(D69,'DATABASE RO'!$B$3:$M$299,7,0) -> NOLOKERTO | K69: =VLOOKUP(D69,'DATABASE RO'!$B$3:$M$299,8,0) -> Kaliwungu | L69: =VLOOKUP(D69,'DATABASE RO'!$B$3:$M$299,9,0) -> https://www.google.com/maps?z=12&t=m&q=loc:-6.971176+110.265561 | M69: =VLOOKUP(D69,'DATABASE RO'!$B$3:$M$299,10,0) -> EXCELLENT | O69: =VLOOKUP(D69,'DATABASE RO'!$B$3:$M$299,12,0) -> 85878014014 | S69: =B69 -> P2 | T69: =C69 -> KENDAL | U69: =D69 -> 1684120241200196 | V69: =E69 -> LINDA PUSPITA | X69: =VLOOKUP(V69,'DATABASE RO'!$C$3:$M$185,3,0) -> CUS684120241200472 | Y69: =VLOOKUP(V69,'DATABASE RO'!$C$3:$M$185,4,0) -> YES | Z69: =VLOOKUP(V69,'DATABASE RO'!$C$3:$M$185,5,0) -> MANGIR RT 002 /RW 004, Nolokerto, Kaliwungu, KAB-Kendal, 51372 | AA69: =VLOOKUP(V69,'DATABASE RO'!$C$3:$M$185,6,0) -> NOLOKERTO | AB69: =VLOOKUP(V69,'DATABASE RO'!$C$3:$M$185,7,0) -> Kaliwungu | AC69: =VLOOKUP(V69,'DATABASE RO'!$C$3:$M$185,8,0) -> https://www.google.com/maps?z=12&t=m&q=loc:-6.971176+110.265561 | AD69: =VLOOKUP(V69,'DATABASE RO'!$C$3:$M$185,9,0) -> EXCELLENT | AF69: =VLOOKUP(V69,'DATABASE RO'!$C$3:$M$185,11,0) -> 85878014014 | AK69: =B69 -> P2 | AL69: =C69 -> KENDAL | AM69: =D69 -> 1684120241200196 | AN69: =E69 -> LINDA PUSPITA | AO69: =F69 -> Konsumen Aktif M 0 - 6 Lunas | AP69: =IFERROR(G69,X69) -> CUS684120241200472 | AQ69: =IFERROR(H69,Y69) -> YES | AR69: =IFERROR(I69,Z69) -> MANGIR RT 002 /RW 004, Nolokerto, Kaliwungu, KAB-Kendal, 51372 | AS69: =IFERROR(J69,AA69) -> NOLOKERTO | AT69: =IFERROR(K69,AB69) -> Kaliwungu | AU69: =IFERROR(L69,AC69) -> https://www.google.com/maps?z=12&t=m&q=loc:-6.971176+110.265561 | AV69: =IFERROR(M69,AD69) -> EXCELLENT | AW69: =IFERROR(N69,AE69) -> 0 | AX69: =IFERROR(O69,AF69) -> 85878014014
B70: P3 | C70: KENDAL | D70: 1063120240104437 | E70: ICHWAN SETIAWAN | F70: Uncontacted Telesales | G70: =VLOOKUP(D70,'DATABASE RO'!$B$3:$M$299,4,0) -> P19002019399 | H70: =VLOOKUP(D70,'DATABASE RO'!$B$3:$M$299,5,0) -> YES | I70: =VLOOKUP(D70,'DATABASE RO'!$B$3:$M$299,6,0) -> JL.MADUKORO NO.22, 003, 010, Purwokerto, Patebon, KAB-Kendal, 51351 | J70: =VLOOKUP(D70,'DATABASE RO'!$B$3:$M$299,7,0) -> Purwokerto | K70: =VLOOKUP(D70,'DATABASE RO'!$B$3:$M$299,8,0) -> PATEBON | L70: =VLOOKUP(D70,'DATABASE RO'!$B$3:$M$299,9,0) -> https://www.google.com/maps?z=12&t=m&q=loc:-6.927785+110.183065 | M70: =VLOOKUP(D70,'DATABASE RO'!$B$3:$M$299,10,0) -> GOOD | O70: =VLOOKUP(D70,'DATABASE RO'!$B$3:$M$299,12,0) -> 81393112233 | S70: =B70 -> P3 | T70: =C70 -> KENDAL | U70: =D70 -> 1063120240104437 | V70: =E70 -> ICHWAN SETIAWAN | X70: =VLOOKUP(V70,'DATABASE RO'!$C$3:$M$185,3,0) -> P19002019399 | Y70: =VLOOKUP(V70,'DATABASE RO'!$C$3:$M$185,4,0) -> YES | Z70: =VLOOKUP(V70,'DATABASE RO'!$C$3:$M$185,5,0) -> JL.MADUKORO NO.22, 003, 010, Purwokerto, Patebon, KAB-Kendal, 51351 | AA70: =VLOOKUP(V70,'DATABASE RO'!$C$3:$M$185,6,0) -> Purwokerto | AB70: =VLOOKUP(V70,'DATABASE RO'!$C$3:$M$185,7,0) -> PATEBON | AC70: =VLOOKUP(V70,'DATABASE RO'!$C$3:$M$185,8,0) -> https://www.google.com/maps?z=12&t=m&q=loc:-6.927785+110.183065 | AD70: =VLOOKUP(V70,'DATABASE RO'!$C$3:$M$185,9,0) -> GOOD | AF70: =VLOOKUP(V70,'DATABASE RO'!$C$3:$M$185,11,0) -> 81393112233 | AK70: =B70 -> P3 | AL70: =C70 -> KENDAL | AM70: =D70 -> 1063120240104437 | AN70: =E70 -> ICHWAN SETIAWAN | AO70: =F70 -> Uncontacted Telesales | AP70: =IFERROR(G70,X70) -> P19002019399 | AQ70: =IFERROR(H70,Y70) -> YES | AR70: =IFERROR(I70,Z70) -> JL.MADUKORO NO.22, 003, 010, Purwokerto, Patebon, KAB-Kendal, 51351 | AS70: =IFERROR(J70,AA70) -> Purwokerto | AT70: =IFERROR(K70,AB70) -> PATEBON | AU70: =IFERROR(L70,AC70) -> https://www.google.com/maps?z=12&t=m&q=loc:-6.927785+110.183065 | AV70: =IFERROR(M70,AD70) -> GOOD | AW70: =IFERROR(N70,AE70) -> 0 | AX70: =IFERROR(O70,AF70) -> 81393112233
B71: P3 | C71: KENDAL | D71: 1063120231204395 | E71: VANNI EKA PRASTIKNO | F71: Uncontacted Telesales | G71: =VLOOKUP(D71,'DATABASE RO'!$B$3:$M$299,4,0) -> CUS063120231207869 | H71: =VLOOKUP(D71,'DATABASE RO'!$B$3:$M$299,5,0) -> YES | I71: =VLOOKUP(D71,'DATABASE RO'!$B$3:$M$299,6,0) -> DESA PUGUH, 003, 003, Puguh, Pegandon, KAB-Kendal, 51357 | J71: =VLOOKUP(D71,'DATABASE RO'!$B$3:$M$299,7,0) -> PUGUH | K71: =VLOOKUP(D71,'DATABASE RO'!$B$3:$M$299,8,0) -> PEGANDON | L71: =VLOOKUP(D71,'DATABASE RO'!$B$3:$M$299,9,0) -> https://www.google.com/maps?z=12&t=m&q=loc:-6.995054+110.150966 | M71: =VLOOKUP(D71,'DATABASE RO'!$B$3:$M$299,10,0) -> GOOD | O71: =VLOOKUP(D71,'DATABASE RO'!$B$3:$M$299,12,0) -> 89677104292 | S71: =B71 -> P3 | T71: =C71 -> KENDAL | U71: =D71 -> 1063120231204395 | V71: =E71 -> VANNI EKA PRASTIKNO | X71: =VLOOKUP(V71,'DATABASE RO'!$C$3:$M$185,3,0) -> CUS063120231207869 | Y71: =VLOOKUP(V71,'DATABASE RO'!$C$3:$M$185,4,0) -> YES | Z71: =VLOOKUP(V71,'DATABASE RO'!$C$3:$M$185,5,0) -> DESA PUGUH, 003, 003, Puguh, Pegandon, KAB-Kendal, 51357 | AA71: =VLOOKUP(V71,'DATABASE RO'!$C$3:$M$185,6,0) -> PUGUH | AB71: =VLOOKUP(V71,'DATABASE RO'!$C$3:$M$185,7,0) -> PEGANDON | AC71: =VLOOKUP(V71,'DATABASE RO'!$C$3:$M$185,8,0) -> https://www.google.com/maps?z=12&t=m&q=loc:-6.995054+110.150966 | AD71: =VLOOKUP(V71,'DATABASE RO'!$C$3:$M$185,9,0) -> GOOD | AF71: =VLOOKUP(V71,'DATABASE RO'!$C$3:$M$185,11,0) -> 89677104292 | AK71: =B71 -> P3 | AL71: =C71 -> KENDAL | AM71: =D71 -> 1063120231204395 | AN71: =E71 -> VANNI EKA PRASTIKNO | AO71: =F71 -> Uncontacted Telesales | AP71: =IFERROR(G71,X71) -> CUS063120231207869 | AQ71: =IFERROR(H71,Y71) -> YES | AR71: =IFERROR(I71,Z71) -> DESA PUGUH, 003, 003, Puguh, Pegandon, KAB-Kendal, 51357 | AS71: =IFERROR(J71,AA71) -> PUGUH | AT71: =IFERROR(K71,AB71) -> PEGANDON | AU71: =IFERROR(L71,AC71) -> https://www.google.com/maps?z=12&t=m&q=loc:-6.995054+110.150966 | AV71: =IFERROR(M71,AD71) -> GOOD | AW71: =IFERROR(N71,AE71) -> 0 | AX71: =IFERROR(O71,AF71) -> 89677104292
B72: P3 | C72: KENDAL | D72: 1063120240704655 | E72: HANA IHZA MAULANI | F72: Uncontacted Telesales | G72: =VLOOKUP(D72,'DATABASE RO'!$B$3:$M$299,4,0) -> CUS063120240708133 | H72: =VLOOKUP(D72,'DATABASE RO'!$B$3:$M$299,5,0) -> yes | I72: =VLOOKUP(D72,'DATABASE RO'!$B$3:$M$299,6,0) -> DUSUN SIDOMULYO, 003, 003, Gebanganom, Rowosari, KAB-Kendal, 51354 | J72: =VLOOKUP(D72,'DATABASE RO'!$B$3:$M$299,7,0) -> GEBANGANOM | K72: =VLOOKUP(D72,'DATABASE RO'!$B$3:$M$299,8,0) -> ROWOSARI | L72: =VLOOKUP(D72,'DATABASE RO'!$B$3:$M$299,9,0) -> https://www.google.com/maps?z=12&t=m&q=loc:-6.928537+110.058435 | M72: =VLOOKUP(D72,'DATABASE RO'!$B$3:$M$299,10,0) -> EXCELLENT | O72: =VLOOKUP(D72,'DATABASE RO'!$B$3:$M$299,12,0) -> 87838540788 | S72: =B72 -> P3 | T72: =C72 -> KENDAL | U72: =D72 -> 1063120240704655 | V72: =E72 -> HANA IHZA MAULANI | X72: =VLOOKUP(V72,'DATABASE RO'!$C$3:$M$185,3,0) -> CUS063120240708133 | Y72: =VLOOKUP(V72,'DATABASE RO'!$C$3:$M$185,4,0) -> yes | Z72: =VLOOKUP(V72,'DATABASE RO'!$C$3:$M$185,5,0) -> DUSUN SIDOMULYO, 003, 003, Gebanganom, Rowosari, KAB-Kendal, 51354 | AA72: =VLOOKUP(V72,'DATABASE RO'!$C$3:$M$185,6,0) -> GEBANGANOM | AB72: =VLOOKUP(V72,'DATABASE RO'!$C$3:$M$185,7,0) -> ROWOSARI | AC72: =VLOOKUP(V72,'DATABASE RO'!$C$3:$M$185,8,0) -> https://www.google.com/maps?z=12&t=m&q=loc:-6.928537+110.058435 | AD72: =VLOOKUP(V72,'DATABASE RO'!$C$3:$M$185,9,0) -> EXCELLENT | AF72: =VLOOKUP(V72,'DATABASE RO'!$C$3:$M$185,11,0) -> 87838540788 | AK72: =B72 -> P3 | AL72: =C72 -> KENDAL | AM72: =D72 -> 1063120240704655 | AN72: =E72 -> HANA IHZA MAULANI | AO72: =F72 -> Uncontacted Telesales | AP72: =IFERROR(G72,X72) -> CUS063120240708133 | AQ72: =IFERROR(H72,Y72) -> yes | AR72: =IFERROR(I72,Z72) -> DUSUN SIDOMULYO, 003, 003, Gebanganom, Rowosari, KAB-Kendal, 51354 | AS72: =IFERROR(J72,AA72) -> GEBANGANOM | AT72: =IFERROR(K72,AB72) -> ROWOSARI | AU72: =IFERROR(L72,AC72) -> https://www.google.com/maps?z=12&t=m&q=loc:-6.928537+110.058435 | AV72: =IFERROR(M72,AD72) -> EXCELLENT | AW72: =IFERROR(N72,AE72) -> 0 | AX72: =IFERROR(O72,AF72) -> 87838540788
A73: VLOOKUP NAMA | B73: P3 | C73: KENDAL | D73: 1063120230504116 | E73: KALMI | F73: Uncontacted Telesales | G73: =VLOOKUP(D73,'DATABASE RO'!$B$3:$M$299,4,0) -> #N/A | H73: =VLOOKUP(D73,'DATABASE RO'!$B$3:$M$299,5,0) -> #N/A | I73: =VLOOKUP(D73,'DATABASE RO'!$B$3:$M$299,6,0) -> #N/A | J73: =VLOOKUP(D73,'DATABASE RO'!$B$3:$M$299,7,0) -> #N/A | K73: =VLOOKUP(D73,'DATABASE RO'!$B$3:$M$299,8,0) -> #N/A | L73: =VLOOKUP(D73,'DATABASE RO'!$B$3:$M$299,9,0) -> #N/A | M73: =VLOOKUP(D73,'DATABASE RO'!$B$3:$M$299,10,0) -> #N/A | O73: =VLOOKUP(D73,'DATABASE RO'!$B$3:$M$299,12,0) -> #N/A | S73: =B73 -> P3 | T73: =C73 -> KENDAL | U73: =D73 -> 1063120230504116 | V73: =E73 -> KALMI | X73: =VLOOKUP(V73,'DATABASE RO'!$C$3:$M$185,3,0) -> #N/A | Y73: =VLOOKUP(V73,'DATABASE RO'!$C$3:$M$185,4,0) -> #N/A | Z73: =VLOOKUP(V73,'DATABASE RO'!$C$3:$M$185,5,0) -> #N/A | AA73: =VLOOKUP(V73,'DATABASE RO'!$C$3:$M$185,6,0) -> #N/A | AB73: =VLOOKUP(V73,'DATABASE RO'!$C$3:$M$185,7,0) -> #N/A | AC73: =VLOOKUP(V73,'DATABASE RO'!$C$3:$M$185,8,0) -> #N/A | AD73: =VLOOKUP(V73,'DATABASE RO'!$C$3:$M$185,9,0) -> #N/A | AF73: =VLOOKUP(V73,'DATABASE RO'!$C$3:$M$185,11,0) -> #N/A | AJ73: VLOOKUP NAMA | AK73: =B73 -> P3 | AL73: =C73 -> KENDAL | AM73: =D73 -> 1063120230504116 | AN73: =E73 -> KALMI | AO73: =F73 -> Uncontacted Telesales | AP73: =IFERROR(G73,X73) -> #N/A | AQ73: =IFERROR(H73,Y73) -> #N/A | AR73: =IFERROR(I73,Z73) -> #N/A | AS73: =IFERROR(J73,AA73) -> #N/A | AT73: =IFERROR(K73,AB73) -> #N/A | AU73: =IFERROR(L73,AC73) -> #N/A | AV73: =IFERROR(M73,AD73) -> #N/A | AW73: =IFERROR(N73,AE73) -> 0 | AX73: =IFERROR(O73,AF73) -> #N/A
B74: P3 | C74: KENDAL | D74: 1063120230504128 | E74: SALMA AYU RAMADHANI | F74: Uncontacted Telesales | G74: =VLOOKUP(D74,'DATABASE RO'!$B$3:$M$299,4,0) -> CUS063120230507590 | H74: =VLOOKUP(D74,'DATABASE RO'!$B$3:$M$299,5,0) -> YES | I74: =VLOOKUP(D74,'DATABASE RO'!$B$3:$M$299,6,0) -> CEPIRING RT 009 /RW 001, Cepiring, Cepiring, KAB-Kendal, 51352 | J74: =VLOOKUP(D74,'DATABASE RO'!$B$3:$M$299,7,0) -> CEPIRING | K74: =VLOOKUP(D74,'DATABASE RO'!$B$3:$M$299,8,0) -> CEPIRING | L74: =VLOOKUP(D74,'DATABASE RO'!$B$3:$M$299,9,0) -> https://www.google.com/maps?z=12&t=m&q=loc:-6.924749+110.154084 | M74: =VLOOKUP(D74,'DATABASE RO'!$B$3:$M$299,10,0) -> GOOD | O74: =VLOOKUP(D74,'DATABASE RO'!$B$3:$M$299,12,0) -> 88980888140 | S74: =B74 -> P3 | T74: =C74 -> KENDAL | U74: =D74 -> 1063120230504128 | V74: =E74 -> SALMA AYU RAMADHANI | X74: =VLOOKUP(V74,'DATABASE RO'!$C$3:$M$185,3,0) -> CUS063120230507590 | Y74: =VLOOKUP(V74,'DATABASE RO'!$C$3:$M$185,4,0) -> YES | Z74: =VLOOKUP(V74,'DATABASE RO'!$C$3:$M$185,5,0) -> CEPIRING RT 009 /RW 001, Cepiring, Cepiring, KAB-Kendal, 51352 | AA74: =VLOOKUP(V74,'DATABASE RO'!$C$3:$M$185,6,0) -> CEPIRING | AB74: =VLOOKUP(V74,'DATABASE RO'!$C$3:$M$185,7,0) -> CEPIRING | AC74: =VLOOKUP(V74,'DATABASE RO'!$C$3:$M$185,8,0) -> https://www.google.com/maps?z=12&t=m&q=loc:-6.924749+110.154084 | AD74: =VLOOKUP(V74,'DATABASE RO'!$C$3:$M$185,9,0) -> GOOD | AF74: =VLOOKUP(V74,'DATABASE RO'!$C$3:$M$185,11,0) -> 88980888140 | AK74: =B74 -> P3 | AL74: =C74 -> KENDAL | AM74: =D74 -> 1063120230504128 | AN74: =E74 -> SALMA AYU RAMADHANI | AO74: =F74 -> Uncontacted Telesales | AP74: =IFERROR(G74,X74) -> CUS063120230507590 | AQ74: =IFERROR(H74,Y74) -> YES | AR74: =IFERROR(I74,Z74) -> CEPIRING RT 009 /RW 001, Cepiring, Cepiring, KAB-Kendal, 51352 | AS74: =IFERROR(J74,AA74) -> CEPIRING | AT74: =IFERROR(K74,AB74) -> CEPIRING | AU74: =IFERROR(L74,AC74) -> https://www.google.com/maps?z=12&t=m&q=loc:-6.924749+110.154084 | AV74: =IFERROR(M74,AD74) -> GOOD | AW74: =IFERROR(N74,AE74) -> 0 | AX74: =IFERROR(O74,AF74) -> 88980888140
A75: VLOOKUP NAMA | B75: P3 | C75: KENDAL | D75: 1063120230504126 | E75: ZAENAL ARIFIN | F75: Uncontacted Telesales | G75: =VLOOKUP(D75,'DATABASE RO'!$B$3:$M$299,4,0) -> #N/A | H75: =VLOOKUP(D75,'DATABASE RO'!$B$3:$M$299,5,0) -> #N/A | I75: =VLOOKUP(D75,'DATABASE RO'!$B$3:$M$299,6,0) -> #N/A | J75: =VLOOKUP(D75,'DATABASE RO'!$B$3:$M$299,7,0) -> #N/A | K75: =VLOOKUP(D75,'DATABASE RO'!$B$3:$M$299,8,0) -> #N/A | L75: =VLOOKUP(D75,'DATABASE RO'!$B$3:$M$299,9,0) -> #N/A | M75: =VLOOKUP(D75,'DATABASE RO'!$B$3:$M$299,10,0) -> #N/A | O75: =VLOOKUP(D75,'DATABASE RO'!$B$3:$M$299,12,0) -> #N/A | S75: =B75 -> P3 | T75: =C75 -> KENDAL | U75: =D75 -> 1063120230504126 | V75: =E75 -> ZAENAL ARIFIN | X75: =VLOOKUP(V75,'DATABASE RO'!$C$3:$M$185,3,0) -> #N/A | Y75: =VLOOKUP(V75,'DATABASE RO'!$C$3:$M$185,4,0) -> #N/A | Z75: =VLOOKUP(V75,'DATABASE RO'!$C$3:$M$185,5,0) -> #N/A | AA75: =VLOOKUP(V75,'DATABASE RO'!$C$3:$M$185,6,0) -> #N/A | AB75: =VLOOKUP(V75,'DATABASE RO'!$C$3:$M$185,7,0) -> #N/A | AC75: =VLOOKUP(V75,'DATABASE RO'!$C$3:$M$185,8,0) -> #N/A | AD75: =VLOOKUP(V75,'DATABASE RO'!$C$3:$M$185,9,0) -> #N/A | AF75: =VLOOKUP(V75,'DATABASE RO'!$C$3:$M$185,11,0) -> #N/A | AJ75: VLOOKUP NAMA | AK75: =B75 -> P3 | AL75: =C75 -> KENDAL | AM75: =D75 -> 1063120230504126 | AN75: =E75 -> ZAENAL ARIFIN | AO75: =F75 -> Uncontacted Telesales | AP75: =IFERROR(G75,X75) -> #N/A | AQ75: =IFERROR(H75,Y75) -> #N/A | AR75: =IFERROR(I75,Z75) -> #N/A | AS75: =IFERROR(J75,AA75) -> #N/A | AT75: =IFERROR(K75,AB75) -> #N/A | AU75: =IFERROR(L75,AC75) -> #N/A | AV75: =IFERROR(M75,AD75) -> #N/A | AW75: =IFERROR(N75,AE75) -> 0 | AX75: =IFERROR(O75,AF75) -> #N/A
A76: VLOOKUP NAMA | B76: P3 | C76: KENDAL | D76: 1063120230604136 | E76: MUKHAMAD ALDI PRASETYO | F76: Uncontacted Telesales | G76: =VLOOKUP(D76,'DATABASE RO'!$B$3:$M$299,4,0) -> #N/A | H76: =VLOOKUP(D76,'DATABASE RO'!$B$3:$M$299,5,0) -> #N/A | I76: =VLOOKUP(D76,'DATABASE RO'!$B$3:$M$299,6,0) -> #N/A | J76: =VLOOKUP(D76,'DATABASE RO'!$B$3:$M$299,7,0) -> #N/A | K76: =VLOOKUP(D76,'DATABASE RO'!$B$3:$M$299,8,0) -> #N/A | L76: =VLOOKUP(D76,'DATABASE RO'!$B$3:$M$299,9,0) -> #N/A | M76: =VLOOKUP(D76,'DATABASE RO'!$B$3:$M$299,10,0) -> #N/A | O76: =VLOOKUP(D76,'DATABASE RO'!$B$3:$M$299,12,0) -> #N/A | S76: =B76 -> P3 | T76: =C76 -> KENDAL | U76: =D76 -> 1063120230604136 | V76: =E76 -> MUKHAMAD ALDI PRASETYO | X76: =VLOOKUP(V76,'DATABASE RO'!$C$3:$M$185,3,0) -> #N/A | Y76: =VLOOKUP(V76,'DATABASE RO'!$C$3:$M$185,4,0) -> #N/A | Z76: =VLOOKUP(V76,'DATABASE RO'!$C$3:$M$185,5,0) -> #N/A | AA76: =VLOOKUP(V76,'DATABASE RO'!$C$3:$M$185,6,0) -> #N/A | AB76: =VLOOKUP(V76,'DATABASE RO'!$C$3:$M$185,7,0) -> #N/A | AC76: =VLOOKUP(V76,'DATABASE RO'!$C$3:$M$185,8,0) -> #N/A | AD76: =VLOOKUP(V76,'DATABASE RO'!$C$3:$M$185,9,0) -> #N/A | AF76: =VLOOKUP(V76,'DATABASE RO'!$C$3:$M$185,11,0) -> #N/A | AJ76: VLOOKUP NAMA | AK76: =B76 -> P3 | AL76: =C76 -> KENDAL | AM76: =D76 -> 1063120230604136 | AN76: =E76 -> MUKHAMAD ALDI PRASETYO | AO76: =F76 -> Uncontacted Telesales | AP76: =IFERROR(G76,X76) -> #N/A | AQ76: =IFERROR(H76,Y76) -> #N/A | AR76: =IFERROR(I76,Z76) -> #N/A | AS76: =IFERROR(J76,AA76) -> #N/A | AT76: =IFERROR(K76,AB76) -> #N/A | AU76: =IFERROR(L76,AC76) -> #N/A | AV76: =IFERROR(M76,AD76) -> #N/A | AW76: =IFERROR(N76,AE76) -> 0 | AX76: =IFERROR(O76,AF76) -> #N/A
A77: VLOOKUP NAMA | B77: P3 | C77: KENDAL | D77: 1063120230604147 | E77: SITI ROKHATUN | F77: Uncontacted Telesales | G77: =VLOOKUP(D77,'DATABASE RO'!$B$3:$M$299,4,0) -> #N/A | H77: =VLOOKUP(D77,'DATABASE RO'!$B$3:$M$299,5,0) -> #N/A | I77: =VLOOKUP(D77,'DATABASE RO'!$B$3:$M$299,6,0) -> #N/A | J77: =VLOOKUP(D77,'DATABASE RO'!$B$3:$M$299,7,0) -> #N/A | K77: =VLOOKUP(D77,'DATABASE RO'!$B$3:$M$299,8,0) -> #N/A | L77: =VLOOKUP(D77,'DATABASE RO'!$B$3:$M$299,9,0) -> #N/A | M77: =VLOOKUP(D77,'DATABASE RO'!$B$3:$M$299,10,0) -> #N/A | O77: =VLOOKUP(D77,'DATABASE RO'!$B$3:$M$299,12,0) -> #N/A | S77: =B77 -> P3 | T77: =C77 -> KENDAL | U77: =D77 -> 1063120230604147 | V77: =E77 -> SITI ROKHATUN | X77: =VLOOKUP(V77,'DATABASE RO'!$C$3:$M$185,3,0) -> #N/A | Y77: =VLOOKUP(V77,'DATABASE RO'!$C$3:$M$185,4,0) -> #N/A | Z77: =VLOOKUP(V77,'DATABASE RO'!$C$3:$M$185,5,0) -> #N/A | AA77: =VLOOKUP(V77,'DATABASE RO'!$C$3:$M$185,6,0) -> #N/A | AB77: =VLOOKUP(V77,'DATABASE RO'!$C$3:$M$185,7,0) -> #N/A | AC77: =VLOOKUP(V77,'DATABASE RO'!$C$3:$M$185,8,0) -> #N/A | AD77: =VLOOKUP(V77,'DATABASE RO'!$C$3:$M$185,9,0) -> #N/A | AF77: =VLOOKUP(V77,'DATABASE RO'!$C$3:$M$185,11,0) -> #N/A | AJ77: VLOOKUP NAMA | AK77: =B77 -> P3 | AL77: =C77 -> KENDAL | AM77: =D77 -> 1063120230604147 | AN77: =E77 -> SITI ROKHATUN | AO77: =F77 -> Uncontacted Telesales | AP77: =IFERROR(G77,X77) -> #N/A | AQ77: =IFERROR(H77,Y77) -> #N/A | AR77: =IFERROR(I77,Z77) -> #N/A | AS77: =IFERROR(J77,AA77) -> #N/A | AT77: =IFERROR(K77,AB77) -> #N/A | AU77: =IFERROR(L77,AC77) -> #N/A | AV77: =IFERROR(M77,AD77) -> #N/A | AW77: =IFERROR(N77,AE77) -> 0 | AX77: =IFERROR(O77,AF77) -> #N/A
O78: =VLOOKUP(D78,'DATABASE RO'!$B$3:$M$110,12,0) -> #N/A | S78: =B78 -> 0 | T78: =C78 -> 0 | U78: =D78 -> 0 | V78: =E78 -> 0 | X78: =VLOOKUP(V78,'DATABASE RO'!$C$3:$M$185,3,0) -> #N/A | Y78: =VLOOKUP(V78,'DATABASE RO'!$C$3:$M$185,4,0) -> #N/A | Z78: =VLOOKUP(V78,'DATABASE RO'!$C$3:$M$185,5,0) -> #N/A | AA78: =VLOOKUP(V78,'DATABASE RO'!$C$3:$M$185,6,0) -> #N/A | AB78: =VLOOKUP(V78,'DATABASE RO'!$C$3:$M$185,7,0) -> #N/A | AC78: =VLOOKUP(V78,'DATABASE RO'!$C$3:$M$185,8,0) -> #N/A | AD78: =VLOOKUP(V78,'DATABASE RO'!$C$3:$M$185,9,0) -> #N/A | AF78: =VLOOKUP(V78,'DATABASE RO'!$C$3:$M$185,11,0) -> #N/A | AK78: =B78 -> 0 | AL78: =C78 -> 0 | AM78: =D78 -> 0 | AN78: =E78 -> 0 | AO78: =F78 -> 0 | AX78: =VLOOKUP(AM78,'DATABASE RO'!$B$3:$M$110,12,0) -> #N/A
O79: =VLOOKUP(D79,'DATABASE RO'!$B$3:$M$110,12,0) -> #N/A | S79: =B79 -> 0 | T79: =C79 -> 0 | U79: =D79 -> 0 | V79: =E79 -> 0 | X79: =VLOOKUP(V79,'DATABASE RO'!$C$3:$M$185,3,0) -> #N/A | Y79: =VLOOKUP(V79,'DATABASE RO'!$C$3:$M$185,4,0) -> #N/A | Z79: =VLOOKUP(V79,'DATABASE RO'!$C$3:$M$185,5,0) -> #N/A | AA79: =VLOOKUP(V79,'DATABASE RO'!$C$3:$M$185,6,0) -> #N/A | AB79: =VLOOKUP(V79,'DATABASE RO'!$C$3:$M$185,7,0) -> #N/A | AC79: =VLOOKUP(V79,'DATABASE RO'!$C$3:$M$185,8,0) -> #N/A | AD79: =VLOOKUP(V79,'DATABASE RO'!$C$3:$M$185,9,0) -> #N/A | AF79: =VLOOKUP(V79,'DATABASE RO'!$C$3:$M$185,11,0) -> #N/A | AK79: =B79 -> 0 | AL79: =C79 -> 0 | AM79: =D79 -> 0 | AN79: =E79 -> 0 | AO79: =F79 -> 0 | AX79: =VLOOKUP(AM79,'DATABASE RO'!$B$3:$M$110,12,0) -> #N/A
O80: =VLOOKUP(D80,'DATABASE RO'!$B$3:$M$110,12,0) -> #N/A | S80: =B80 -> 0 | T80: =C80 -> 0 | U80: =D80 -> 0 | V80: =E80 -> 0 | X80: =VLOOKUP(V80,'DATABASE RO'!$C$3:$M$185,3,0) -> #N/A | Y80: =VLOOKUP(V80,'DATABASE RO'!$C$3:$M$185,4,0) -> #N/A | Z80: =VLOOKUP(V80,'DATABASE RO'!$C$3:$M$185,5,0) -> #N/A | AA80: =VLOOKUP(V80,'DATABASE RO'!$C$3:$M$185,6,0) -> #N/A | AB80: =VLOOKUP(V80,'DATABASE RO'!$C$3:$M$185,7,0) -> #N/A | AC80: =VLOOKUP(V80,'DATABASE RO'!$C$3:$M$185,8,0) -> #N/A | AD80: =VLOOKUP(V80,'DATABASE RO'!$C$3:$M$185,9,0) -> #N/A | AF80: =VLOOKUP(V80,'DATABASE RO'!$C$3:$M$185,11,0) -> #N/A | AK80: =B80 -> 0 | AL80: =C80 -> 0 | AM80: =D80 -> 0 | AN80: =E80 -> 0 | AO80: =F80 -> 0 | AX80: =VLOOKUP(AM80,'DATABASE RO'!$B$3:$M$110,12,0) -> #N/A
O81: =VLOOKUP(D81,'DATABASE RO'!$B$3:$M$110,12,0) -> #N/A | S81: =B81 -> 0 | T81: =C81 -> 0 | U81: =D81 -> 0 | V81: =E81 -> 0 | X81: =VLOOKUP(V81,'DATABASE RO'!$C$3:$M$185,3,0) -> #N/A | Y81: =VLOOKUP(V81,'DATABASE RO'!$C$3:$M$185,4,0) -> #N/A | Z81: =VLOOKUP(V81,'DATABASE RO'!$C$3:$M$185,5,0) -> #N/A | AA81: =VLOOKUP(V81,'DATABASE RO'!$C$3:$M$185,6,0) -> #N/A | AB81: =VLOOKUP(V81,'DATABASE RO'!$C$3:$M$185,7,0) -> #N/A | AC81: =VLOOKUP(V81,'DATABASE RO'!$C$3:$M$185,8,0) -> #N/A | AD81: =VLOOKUP(V81,'DATABASE RO'!$C$3:$M$185,9,0) -> #N/A | AF81: =VLOOKUP(V81,'DATABASE RO'!$C$3:$M$185,11,0) -> #N/A | AK81: =B81 -> 0 | AL81: =C81 -> 0 | AM81: =D81 -> 0 | AN81: =E81 -> 0 | AO81: =F81 -> 0 | AX81: =VLOOKUP(AM81,'DATABASE RO'!$B$3:$M$110,12,0) -> #N/A
O82: =VLOOKUP(D82,'DATABASE RO'!$B$3:$M$110,12,0) -> #N/A | S82: =B82 -> 0 | T82: =C82 -> 0 | U82: =D82 -> 0 | V82: =E82 -> 0 | X82: =VLOOKUP(V82,'DATABASE RO'!$C$3:$M$185,3,0) -> #N/A | Y82: =VLOOKUP(V82,'DATABASE RO'!$C$3:$M$185,4,0) -> #N/A | Z82: =VLOOKUP(V82,'DATABASE RO'!$C$3:$M$185,5,0) -> #N/A | AA82: =VLOOKUP(V82,'DATABASE RO'!$C$3:$M$185,6,0) -> #N/A | AB82: =VLOOKUP(V82,'DATABASE RO'!$C$3:$M$185,7,0) -> #N/A | AC82: =VLOOKUP(V82,'DATABASE RO'!$C$3:$M$185,8,0) -> #N/A | AD82: =VLOOKUP(V82,'DATABASE RO'!$C$3:$M$185,9,0) -> #N/A | AF82: =VLOOKUP(V82,'DATABASE RO'!$C$3:$M$185,11,0) -> #N/A | AK82: =B82 -> 0 | AL82: =C82 -> 0 | AM82: =D82 -> 0 | AN82: =E82 -> 0 | AO82: =F82 -> 0 | AX82: =VLOOKUP(AM82,'DATABASE RO'!$B$3:$M$110,12,0) -> #N/A
O83: =VLOOKUP(D83,'DATABASE RO'!$B$3:$M$110,12,0) -> #N/A | S83: =B83 -> 0 | T83: =C83 -> 0 | U83: =D83 -> 0 | V83: =E83 -> 0 | X83: =VLOOKUP(V83,'DATABASE RO'!$C$3:$M$185,3,0) -> #N/A | Y83: =VLOOKUP(V83,'DATABASE RO'!$C$3:$M$185,4,0) -> #N/A | Z83: =VLOOKUP(V83,'DATABASE RO'!$C$3:$M$185,5,0) -> #N/A | AA83: =VLOOKUP(V83,'DATABASE RO'!$C$3:$M$185,6,0) -> #N/A | AB83: =VLOOKUP(V83,'DATABASE RO'!$C$3:$M$185,7,0) -> #N/A | AC83: =VLOOKUP(V83,'DATABASE RO'!$C$3:$M$185,8,0) -> #N/A | AD83: =VLOOKUP(V83,'DATABASE RO'!$C$3:$M$185,9,0) -> #N/A | AF83: =VLOOKUP(V83,'DATABASE RO'!$C$3:$M$185,11,0) -> #N/A | AK83: =B83 -> 0 | AL83: =C83 -> 0 | AM83: =D83 -> 0 | AN83: =E83 -> 0 | AO83: =F83 -> 0
O84: =VLOOKUP(D84,'DATABASE RO'!$B$3:$M$110,12,0) -> #N/A | S84: =B84 -> 0 | T84: =C84 -> 0 | U84: =D84 -> 0 | V84: =E84 -> 0 | X84: =VLOOKUP(V84,'DATABASE RO'!$C$3:$M$185,3,0) -> #N/A | Y84: =VLOOKUP(V84,'DATABASE RO'!$C$3:$M$185,4,0) -> #N/A | Z84: =VLOOKUP(V84,'DATABASE RO'!$C$3:$M$185,5,0) -> #N/A | AA84: =VLOOKUP(V84,'DATABASE RO'!$C$3:$M$185,6,0) -> #N/A | AB84: =VLOOKUP(V84,'DATABASE RO'!$C$3:$M$185,7,0) -> #N/A | AC84: =VLOOKUP(V84,'DATABASE RO'!$C$3:$M$185,8,0) -> #N/A | AD84: =VLOOKUP(V84,'DATABASE RO'!$C$3:$M$185,9,0) -> #N/A | AF84: =VLOOKUP(V84,'DATABASE RO'!$C$3:$M$185,11,0) -> #N/A | AK84: =B84 -> 0 | AL84: =C84 -> 0 | AM84: =D84 -> 0 | AN84: =E84 -> 0 | AO84: =F84 -> 0
O85: =VLOOKUP(D85,'DATABASE RO'!$B$3:$M$110,12,0) -> #N/A | S85: =B85 -> 0 | T85: =C85 -> 0 | U85: =D85 -> 0 | V85: =E85 -> 0 | X85: =VLOOKUP(V85,'DATABASE RO'!$C$3:$M$185,3,0) -> #N/A | Y85: =VLOOKUP(V85,'DATABASE RO'!$C$3:$M$185,4,0) -> #N/A | Z85: =VLOOKUP(V85,'DATABASE RO'!$C$3:$M$185,5,0) -> #N/A | AA85: =VLOOKUP(V85,'DATABASE RO'!$C$3:$M$185,6,0) -> #N/A | AB85: =VLOOKUP(V85,'DATABASE RO'!$C$3:$M$185,7,0) -> #N/A | AC85: =VLOOKUP(V85,'DATABASE RO'!$C$3:$M$185,8,0) -> #N/A | AD85: =VLOOKUP(V85,'DATABASE RO'!$C$3:$M$185,9,0) -> #N/A | AF85: =VLOOKUP(V85,'DATABASE RO'!$C$3:$M$185,11,0) -> #N/A | AK85: =B85 -> 0 | AL85: =C85 -> 0 | AM85: =D85 -> 0 | AN85: =E85 -> 0 | AO85: =F85 -> 0
O86: =VLOOKUP(D86,'DATABASE RO'!$B$3:$M$110,12,0) -> #N/A | S86: =B86 -> 0 | T86: =C86 -> 0 | U86: =D86 -> 0 | V86: =E86 -> 0 | X86: =VLOOKUP(V86,'DATABASE RO'!$C$3:$M$185,3,0) -> #N/A | Y86: =VLOOKUP(V86,'DATABASE RO'!$C$3:$M$185,4,0) -> #N/A | Z86: =VLOOKUP(V86,'DATABASE RO'!$C$3:$M$185,5,0) -> #N/A | AA86: =VLOOKUP(V86,'DATABASE RO'!$C$3:$M$185,6,0) -> #N/A | AB86: =VLOOKUP(V86,'DATABASE RO'!$C$3:$M$185,7,0) -> #N/A | AC86: =VLOOKUP(V86,'DATABASE RO'!$C$3:$M$185,8,0) -> #N/A | AD86: =VLOOKUP(V86,'DATABASE RO'!$C$3:$M$185,9,0) -> #N/A | AF86: =VLOOKUP(V86,'DATABASE RO'!$C$3:$M$185,11,0) -> #N/A | AK86: =B86 -> 0 | AL86: =C86 -> 0 | AM86: =D86 -> 0 | AN86: =E86 -> 0 | AO86: =F86 -> 0
O87: =VLOOKUP(D87,'DATABASE RO'!$B$3:$M$110,12,0) -> #N/A | S87: =B87 -> 0 | T87: =C87 -> 0 | U87: =D87 -> 0 | V87: =E87 -> 0 | X87: =VLOOKUP(V87,'DATABASE RO'!$C$3:$M$185,3,0) -> #N/A | Y87: =VLOOKUP(V87,'DATABASE RO'!$C$3:$M$185,4,0) -> #N/A | Z87: =VLOOKUP(V87,'DATABASE RO'!$C$3:$M$185,5,0) -> #N/A | AA87: =VLOOKUP(V87,'DATABASE RO'!$C$3:$M$185,6,0) -> #N/A | AB87: =VLOOKUP(V87,'DATABASE RO'!$C$3:$M$185,7,0) -> #N/A | AC87: =VLOOKUP(V87,'DATABASE RO'!$C$3:$M$185,8,0) -> #N/A | AD87: =VLOOKUP(V87,'DATABASE RO'!$C$3:$M$185,9,0) -> #N/A | AF87: =VLOOKUP(V87,'DATABASE RO'!$C$3:$M$185,11,0) -> #N/A | AK87: =B87 -> 0 | AL87: =C87 -> 0 | AM87: =D87 -> 0 | AN87: =E87 -> 0 | AO87: =F87 -> 0
O88: =VLOOKUP(D88,'DATABASE RO'!$B$3:$M$110,12,0) -> #N/A | S88: =B88 -> 0 | T88: =C88 -> 0 | U88: =D88 -> 0 | V88: =E88 -> 0 | X88: =VLOOKUP(V88,'DATABASE RO'!$C$3:$M$185,3,0) -> #N/A | Y88: =VLOOKUP(V88,'DATABASE RO'!$C$3:$M$185,4,0) -> #N/A | Z88: =VLOOKUP(V88,'DATABASE RO'!$C$3:$M$185,5,0) -> #N/A | AA88: =VLOOKUP(V88,'DATABASE RO'!$C$3:$M$185,6,0) -> #N/A | AB88: =VLOOKUP(V88,'DATABASE RO'!$C$3:$M$185,7,0) -> #N/A | AC88: =VLOOKUP(V88,'DATABASE RO'!$C$3:$M$185,8,0) -> #N/A | AD88: =VLOOKUP(V88,'DATABASE RO'!$C$3:$M$185,9,0) -> #N/A | AF88: =VLOOKUP(V88,'DATABASE RO'!$C$3:$M$185,11,0) -> #N/A | AK88: =B88 -> 0 | AL88: =C88 -> 0 | AM88: =D88 -> 0 | AN88: =E88 -> 0 | AO88: =F88 -> 0
O89: =VLOOKUP(D89,'DATABASE RO'!$B$3:$M$110,12,0) -> #N/A | S89: =B89 -> 0 | T89: =C89 -> 0 | U89: =D89 -> 0 | V89: =E89 -> 0 | X89: =VLOOKUP(V89,'DATABASE RO'!$C$3:$M$185,3,0) -> #N/A | Y89: =VLOOKUP(V89,'DATABASE RO'!$C$3:$M$185,4,0) -> #N/A | Z89: =VLOOKUP(V89,'DATABASE RO'!$C$3:$M$185,5,0) -> #N/A | AA89: =VLOOKUP(V89,'DATABASE RO'!$C$3:$M$185,6,0) -> #N/A | AB89: =VLOOKUP(V89,'DATABASE RO'!$C$3:$M$185,7,0) -> #N/A | AC89: =VLOOKUP(V89,'DATABASE RO'!$C$3:$M$185,8,0) -> #N/A | AD89: =VLOOKUP(V89,'DATABASE RO'!$C$3:$M$185,9,0) -> #N/A | AF89: =VLOOKUP(V89,'DATABASE RO'!$C$3:$M$185,11,0) -> #N/A | AK89: =B89 -> 0 | AL89: =C89 -> 0 | AM89: =D89 -> 0 | AN89: =E89 -> 0 | AO89: =F89 -> 0
O90: =VLOOKUP(D90,'DATABASE RO'!$B$3:$M$110,12,0) -> #N/A | S90: =B90 -> 0 | T90: =C90 -> 0 | U90: =D90 -> 0 | V90: =E90 -> 0 | X90: =VLOOKUP(V90,'DATABASE RO'!$C$3:$M$185,3,0) -> #N/A | Y90: =VLOOKUP(V90,'DATABASE RO'!$C$3:$M$185,4,0) -> #N/A | Z90: =VLOOKUP(V90,'DATABASE RO'!$C$3:$M$185,5,0) -> #N/A | AA90: =VLOOKUP(V90,'DATABASE RO'!$C$3:$M$185,6,0) -> #N/A | AB90: =VLOOKUP(V90,'DATABASE RO'!$C$3:$M$185,7,0) -> #N/A | AC90: =VLOOKUP(V90,'DATABASE RO'!$C$3:$M$185,8,0) -> #N/A | AD90: =VLOOKUP(V90,'DATABASE RO'!$C$3:$M$185,9,0) -> #N/A | AF90: =VLOOKUP(V90,'DATABASE RO'!$C$3:$M$185,11,0) -> #N/A | AK90: =B90 -> 0 | AL90: =C90 -> 0 | AM90: =D90 -> 0 | AN90: =E90 -> 0 | AO90: =F90 -> 0
O91: =VLOOKUP(D91,'DATABASE RO'!$B$3:$M$110,12,0) -> #N/A | S91: =B91 -> 0 | T91: =C91 -> 0 | U91: =D91 -> 0 | V91: =E91 -> 0 | X91: =VLOOKUP(V91,'DATABASE RO'!$C$3:$M$185,3,0) -> #N/A | Y91: =VLOOKUP(V91,'DATABASE RO'!$C$3:$M$185,4,0) -> #N/A | Z91: =VLOOKUP(V91,'DATABASE RO'!$C$3:$M$185,5,0) -> #N/A | AA91: =VLOOKUP(V91,'DATABASE RO'!$C$3:$M$185,6,0) -> #N/A | AB91: =VLOOKUP(V91,'DATABASE RO'!$C$3:$M$185,7,0) -> #N/A | AC91: =VLOOKUP(V91,'DATABASE RO'!$C$3:$M$185,8,0) -> #N/A | AD91: =VLOOKUP(V91,'DATABASE RO'!$C$3:$M$185,9,0) -> #N/A | AF91: =VLOOKUP(V91,'DATABASE RO'!$C$3:$M$185,11,0) -> #N/A | AK91: =B91 -> 0 | AL91: =C91 -> 0 | AM91: =D91 -> 0 | AN91: =E91 -> 0 | AO91: =F91 -> 0
O92: =VLOOKUP(D92,'DATABASE RO'!$B$3:$M$110,12,0) -> #N/A | S92: =B92 -> 0 | T92: =C92 -> 0 | U92: =D92 -> 0 | V92: =E92 -> 0 | X92: =VLOOKUP(V92,'DATABASE RO'!$C$3:$M$185,3,0) -> #N/A | Y92: =VLOOKUP(V92,'DATABASE RO'!$C$3:$M$185,4,0) -> #N/A | Z92: =VLOOKUP(V92,'DATABASE RO'!$C$3:$M$185,5,0) -> #N/A | AA92: =VLOOKUP(V92,'DATABASE RO'!$C$3:$M$185,6,0) -> #N/A | AB92: =VLOOKUP(V92,'DATABASE RO'!$C$3:$M$185,7,0) -> #N/A | AC92: =VLOOKUP(V92,'DATABASE RO'!$C$3:$M$185,8,0) -> #N/A | AD92: =VLOOKUP(V92,'DATABASE RO'!$C$3:$M$185,9,0) -> #N/A | AF92: =VLOOKUP(V92,'DATABASE RO'!$C$3:$M$185,11,0) -> #N/A | AK92: =B92 -> 0 | AL92: =C92 -> 0 | AM92: =D92 -> 0 | AN92: =E92 -> 0 | AO92: =F92 -> 0
O93: =VLOOKUP(D93,'DATABASE RO'!$B$3:$M$110,12,0) -> #N/A | S93: =B93 -> 0 | T93: =C93 -> 0 | U93: =D93 -> 0 | V93: =E93 -> 0 | X93: =VLOOKUP(V93,'DATABASE RO'!$C$3:$M$185,3,0) -> #N/A | Y93: =VLOOKUP(V93,'DATABASE RO'!$C$3:$M$185,4,0) -> #N/A | Z93: =VLOOKUP(V93,'DATABASE RO'!$C$3:$M$185,5,0) -> #N/A | AA93: =VLOOKUP(V93,'DATABASE RO'!$C$3:$M$185,6,0) -> #N/A | AB93: =VLOOKUP(V93,'DATABASE RO'!$C$3:$M$185,7,0) -> #N/A | AC93: =VLOOKUP(V93,'DATABASE RO'!$C$3:$M$185,8,0) -> #N/A | AD93: =VLOOKUP(V93,'DATABASE RO'!$C$3:$M$185,9,0) -> #N/A | AF93: =VLOOKUP(V93,'DATABASE RO'!$C$3:$M$185,11,0) -> #N/A | AK93: =B93 -> 0 | AL93: =C93 -> 0 | AM93: =D93 -> 0 | AN93: =E93 -> 0 | AO93: =F93 -> 0
O94: =VLOOKUP(D94,'DATABASE RO'!$B$3:$M$110,12,0) -> #N/A | AK94: =B94 -> 0 | AL94: =C94 -> 0 | AM94: =D94 -> 0 | AN94: =E94 -> 0 | AO94: =F94 -> 0
O95: =VLOOKUP(D95,'DATABASE RO'!$B$3:$M$110,12,0) -> #N/A | AK95: =B95 -> 0 | AL95: =C95 -> 0 | AM95: =D95 -> 0 | AN95: =E95 -> 0 | AO95: =F95 -> 0
O96: =VLOOKUP(D96,'DATABASE RO'!$B$3:$M$110,12,0) -> #N/A | AK96: =B96 -> 0 | AL96: =C96 -> 0 | AM96: =D96 -> 0 | AN96: =E96 -> 0 | AO96: =F96 -> 0
O97: =VLOOKUP(D97,'DATABASE RO'!$B$3:$M$110,12,0) -> #N/A | AK97: =B97 -> 0 | AL97: =C97 -> 0 | AM97: =D97 -> 0 | AN97: =E97 -> 0 | AO97: =F97 -> 0
O98: =VLOOKUP(D98,'DATABASE RO'!$B$3:$M$110,12,0) -> #N/A | AK98: =B98 -> 0 | AL98: =C98 -> 0 | AM98: =D98 -> 0 | AN98: =E98 -> 0 | AO98: =F98 -> 0
O99: =VLOOKUP(D99,'DATABASE RO'!$B$3:$M$110,12,0) -> #N/A | AK99: =B99 -> 0 | AL99: =C99 -> 0 | AM99: =D99 -> 0 | AN99: =E99 -> 0 | AO99: =F99 -> 0
O100: =VLOOKUP(D100,'DATABASE RO'!$B$3:$M$110,12,0) -> #N/A | AK100: =B100 -> 0 | AL100: =C100 -> 0 | AM100: =D100 -> 0 | AN100: =E100 -> 0 | AO100: =F100 -> 0
O101: =VLOOKUP(D101,'DATABASE RO'!$B$3:$M$110,12,0) -> #N/A | AK101: =B101 -> 0 | AL101: =C101 -> 0 | AM101: =D101 -> 0 | AN101: =E101 -> 0 | AO101: =F101 -> 0
O102: =VLOOKUP(D102,'DATABASE RO'!$B$3:$M$110,12,0) -> #N/A | AK102: =B102 -> 0 | AL102: =C102 -> 0 | AM102: =D102 -> 0 | AN102: =E102 -> 0 | AO102: =F102 -> 0
O103: =VLOOKUP(D103,'DATABASE RO'!$B$3:$M$110,12,0) -> #N/A
...

Sheet DATABASE RO
B1: 1 | C1: 2 | D1: 3 | E1: 4 | F1: 5 | G1: 6 | H1: 7 | I1: 8 | J1: 9 | K1: 10 | L1: 11 | M1: 12
A2: TANGAL INJECT | B2: NO KONTRAK | C2: NAMA KONSUMEN | D2: KETERANGAN | E2: CUS ID | F2: PA | G2: ALAMAT | H2: KELURAHAN | I2: KECAMATAN | J2: GOOGLE MAP | K2: RATING | L2: CEK VISIT | M2: NO HP
B3: 1057120230706191 | C3: TES | D3: Konsumen Lunas M +3 | E3: CUS057120220508596 | F3: =#N/A -> #N/A | G3: BANYUPUTIH RT 004 /RW 001, Banyuputih, Banyuputih, KAB-Batang, 51271 | H3: BANYUPUTIH | I3: Banyuputih | J3: https://www.google.com/maps?z=12&t=m&q=loc:-6.973941+109.927605 | M3: 082323656665
B4: 1057120231106521 | C4: SUTARI | D4: Konsumen Aktif M 0 - 6 Lunas | E4: P257000002990 | F4: YES | G4: DUKUH KARANGANYAR RT 003 RW 003 KEDAWUNG BANYUPUTIH RT 003/003 RT 000 /RW 000, Kedawung, Banyuputih, KABUPATEN, 51271 | H4: Kedawung | I4: Banyuputih | J4: TIDAK ADA | K4: EXCELLENT | M4: 0852 - 26826959
B5: 1057120240106633 | C5: =IFERROR(__xludf.dummyfunction("""COMPUTED_VALUE"""),"SITI ROKHANAH") -> SITI ROKHANAH | D5: =IFERROR(__xludf.dummyfunction("""COMPUTED_VALUE"""),"Konsumen Lunas M +3") -> Konsumen Lunas M +3 | E5: P19002006774 | F5: NO | G5: DUKUH PENYANGKRINGAN RT 004 /RW 003, KARANGMULYO, PEGANDON, KENDAL, 51357 | H5: KARANGMULYO | I5: PEGANDON | J5: https://www.google.com/maps?z=12&t=m&q=loc:-6.970846+110.168210 | K5: GOOD | L5: =VLOOKUP(B5,#REF!,5,0) -> #VALUE! | M5: 0821 - 35857798
B6: 1057120240707039 | C6: MUSTAR | D6: Konsumen Lunas M +3 | E6: P057A002035742 | F6: YES | G6: KEDAWUNG RT 001 RW 001 BANYUPUTIH BATANG RT 001 /RW 001, Kedawung, Banyuputih, KAB-Batang, 51271 | H6: Kedawung | I6: Banyuputih | J6: https://www.google.com/maps/place/6%C2%B055'39.5%22S+109%C2%B056'15.1%22E/@-6.9391466,109.8941779,12.75z/data=!4m4!3m3!8m2!3d-6.927641!4d109.937514?entry=ttu&g_ep=EgoyMDI2MDExMy4wIKXMDSoKLDEwMDc5MjA3MUgBUAM%3D | K6: EXCELLENT | M6: 82328686909
B7: 1057120240807157 | C7: KASMANI | D7: Konsumen Aktif M 0 - 6 Lunas | E7: P057A002039895 | F7: YES | G7: BANYU PUTIH RT 006 /RW 002, Penundan, Banyuputih, KAB-Batang, 51281 | H7: PENUNDAN | I7: Banyuputih | J7: https://www.google.com/maps/place/6%C2%B058'08.3%22S+109%C2%B057'13.3%22E/@-6.968979,109.9511181,17z/data=!3m1!4b1!4m4!3m3!8m2!3d-6.968979!4d109.953693?entry=ttu&g_ep=EgoyMDI2MDIwMS4wIKXMDSoKLDEwMDc5MjA3MUgBUAM%3D | K7: EXCELLENT | L7: =VLOOKUP(B8,#REF!,5,0) -> #VALUE! | M7: 85226651885
A8: P2 | B8: 1057120241107307 | C8: RASMINI | D8: Uncontacted Telesales | E8: P19002038267 | G8: PENUNDAN RT 002 /RW 001, Penundan, Banyuputih, KAB-Batang, 51281 | H8: PENUNDAN | I8: BANYUPUTIH | J8: https://www.google.com/maps?z=12&t=m&q=loc:-6.968806+109.959341 | L8: Tidak Bertemu | M8: 0822 - 21986522
B9: 1057120250707723 | C9: FEFI RIASTUTI | D9: Konsumen Lunas M +3 | E9: P257000005201 | F9: NO | G9: DK. DIWEK RT 003 /RW 003, Wonokerto, Limpung, KAB-Batang, 51271 | H9: WONOKERTO | I9: LIMPUNG | J9: https://www.google.com/maps?z=12&t=m&q=loc:-7.033076+109.905426 | K9: EXCELLENT | M9: 0858 - 42554700
B10: 1057120251007882 | C10: JURIYAH | D10: Konsumen Aktif M 0 - 6 Lunas | E10: P057A002039893 | F10: YES | G10: PURBO RT 013 /RW 005, Purbo, Bawang, KAB-Batang, 51274 | H10: PURBO | I10: BAWANG | J10: google.com/maps?z=12&t=m&q=loc:-7.079575+109.934911 | K10: EXCELLENT | M10: 895417316985
B11: 1061120231007213 | C11: Sulami | D11: Konsumen Aktif M 0 - 6 Lunas | E11: CUS061120200906136 | F11: YES | G11: PERUM PKS NOLOKERTO RT 004 /RW 006, MUKIRAN, KALIWUNGU, KAB-Kendal, 50777 | H11: MUKIRAN | I11: KEALIWUNGU | J11: https://www.google.com/maps?z=12&t=m&q=loc:-6.970127+110.254722 | K11: GOOD | M11: 0882 - 16483090
B12: 1061120250608474 | C12: HADI KURNIAWAN | D12: Konsumen Aktif M 0 - 6 Lunas | E12: P19002060234 | F12: NO | G12: WONOREJO RT 002/005 RT 000 /RW 000, Wonorejo, Kaliwungu, KABUPATEN, 51372 | H12: WONOREJO | I12: KALIWUNGU | J12: TIDAK ADA | K12: GOOD | M12: TIDAK ADA
B13: 1063120210902480 | C13: TES | D13: Konfirmasi Pasangan | E13: CUS063120210905364 | F13: =#N/A -> #N/A | G13: KROMPAAN RT 004 /RW 004, Krompaan, Gemuh, KAB-Kendal, 51356 | H13: Krompaan | I13: Gemuh | J13: https://www.google.com/maps/place/7%C2%B001'19.5%22S+110%C2%B006'47.9%22E/@-7.022069,110.1107221,17z/data=!3m1!4b1!4m4!3m3!8m2!3d-7.022069!4d110.113297?entry=ttu&g_ep=EgoyMDI1MTIwMi4wIKXMDSoASAFQAw%3D%3D | M13: 0876764444
B14: 1063120220803376 | C14: TES | D14: Konsumen Lunas M +3 | E14: P19002058800 | F14: NO | G14: BALOK RT 001 /RW 002, Balok, Kendal, KAB-Kendal, 51312 | H14: BALOK | I14: KENDAL | J14: =#N/A -> #N/A | M14: 0813 - 26653492
B15: 1063120221003511 | C15: TES | D15: Konsumen Lunas M +3 | E15: P19002055358 | F15: YA | G15: KEBONSARI RT 003/001 RT 000 /RW 000, Kebonsari, Rowosari, KABUPATEN, 51354 | H15: KEBONSARI | I15: ROWOSARI | J15: #NA | M15: 083838580431
B16: 1063120221103582 | C16: =IFERROR(__xludf.dummyfunction("""COMPUTED_VALUE"""),"Evan Wahyu Nugroho") -> Evan Wahyu Nugroho | D16: =IFERROR(__xludf.dummyfunction("""COMPUTED_VALUE"""),"Konsumen Lunas M +3") -> Konsumen Lunas M +3 | E16: CUS063120221106768 | F16: NO | G16: DUKUH NGAGLIK RT 004 /RW 006, Kalirejo, Kangkung, KAB-Kendal, 51353 | H16: Kalirejo | I16: Kangkung | J16: https://www.google.com/maps?z=12&t=m&q=loc:-6.905728+110.139154 | K16: 0 | L16: =VLOOKUP(B17,#REF!,5,0) -> #VALUE! | M16: 081229814399
B17: 1063120221103588 | C17: TES | D17: Pikir-Pikir | E17: CUS063120210504997 | G17: KETANGGAN RT 006 /RW 002, Ketanggan, Gringsing, KAB-Batang, 51281 | H17: KETANGGAN | I17: GRINGSING | J17: https://www.google.com/maps/place/6%C2%B056'38.5%22S+109%C2%B056'59.9%22E/@-6.944031,109.9473851,17z/data=!3m1!4b1!4m4!3m3!8m2!3d-6.944031!4d109.94996?entry=ttu&g_ep=EgoyMDI1MTEyMy4xIKXMDSoASAFQAw%3D%3D
B18: 1063120221103619 | C18: =IFERROR(__xludf.dummyfunction("""COMPUTED_VALUE"""),"Much Imron mashadi") -> Much Imron mashadi | D18: =IFERROR(__xludf.dummyfunction("""COMPUTED_VALUE"""),"Konsumen Lunas M +3") -> Konsumen Lunas M +3 | E18: CUS063120221106817 | F18: NO | G18: BOJONGGEDE RT 002 /RW 001, Bojonggede, Ngampel, KAB-Kendal, 51357 | H18: Bojonggede | I18: Ngampel | J18: https://www.google.com/maps?z=12&t=m&q=loc:-6.955000+110.181704 | K18: 0 | L18: =VLOOKUP(B19,#REF!,5,0) -> #VALUE! | M18: 083156927037
B19: 1063120221103626 | C19: TES | D19: Konfirmasi Pasangan | E19: CUS063120230607641 | F19: =#N/A -> #N/A | G19: LABAN RT 004 /RW 002, Bangunsari, Pagerruyung, KAB-Kendal, 51361 | H19: BANGUNSARI | I19: Pagerruyung | J19: https://www.google.com/maps/place/7%C2%B002'26.3%22S+110%C2%B001'51.5%22E/@-7.040647,110.0284091,17z/data=!3m1!4b1!4m4!3m3!8m2!3d-7.040647!4d110.030984?entry=ttu&g_ep=EgoyMDI1MTIwMi4wIKXMDSoASAFQAw%3D%3D | M19: 081225417184
B20: 1063120221203659 | C20: TES | D20: Konsumen Aktif M 0 - 6 Lunas | E20: CUS063120211105556 | F20: YA | G20: BANJAR KIDUL RT 001 /RW 001, Randusari, Rowosari, KAB-Kendal, 51354 | H20: Randusari | I20: Rowosari | J20: 0 | M20: 081393900627
B21: 1063120230203879 | C21: Akhmad zainuddin | D21: Konfirmasi Pasangan|Rp. 18.000.000 //Rp. 12.000.000//23 //Rp. 839.000 //Rp. 13.900.000 | E21: CUS063120230207204 | F21: NO | G21: Gang buntu muda RT 008 /RW 005, Weleri, Weleri, KAB-Kendal, 51355 | H21: Weleri | I21: WELERI | J21: https://www.google.com/maps/place/6%C2%B058'02.0%22S+110%C2%B004'40.3%22E/@-6.967223,110.0752861,17z/data=!3m1!4b1!4m4!3m3!8m2!3d-6.967223!4d110.077861?entry=ttu&g_ep=EgoyMDI2MDIwMS4wIKXMDSoKLDEwMDc5MjA3MUgBUAM%3D | K21: NORMAL | L21: =VLOOKUP(B22,#REF!,5,0) -> #VALUE! | M21: 85329695133
B22: 1063120230203916 | C22: ahmad palal | D22: INVALID TELESALES (PENGKINIAN DATA) | E22: CUS063120230207282 | F22: YES | G22: sojomerto RT 005 /RW 004, Sojomerto, Gemuh, KAB-Kendal, 51356 | H22: SOJOMERTO | I22: GEMUH | J22: https://www.google.com/maps?z=12&t=m&q=loc:-7.027926+110.105863 | K22: EXCELLENT | M22: TIDAK ADA
B23: 1063120230303982 | C23: =IFERROR(__xludf.dummyfunction("""COMPUTED_VALUE"""),"SOIM") -> SOIM | D23: =IFERROR(__xludf.dummyfunction("""COMPUTED_VALUE"""),"Konsumen Aktif M 0 - 6 Lunas") -> Konsumen Aktif M 0 - 6 Lunas | E23: P19002044034 | F23: YES | G23: Kebon adem RT 002 /RW 003, Kebon Adem, Brangsong, KAB-Kendal, 51371 | H23: Kebon Adem | I23: Brangsong | J23: https://www.google.com/maps?z=12&t=m&q=loc:-6.953163+110.231981 | K23: 0 | L23: =VLOOKUP(B24,#REF!,5,0) -> #VALUE! | M23: 0895343014488
B24: 1063120230504086 | C24: siti sopiati | D24: Konfirmasi Pasangan|24000000/23/1625000/20621000 | E24: CUS063120230507523 | F24: YES | G24: cepiring RT 004 /RW 003, Cepiring, Cepiring, KAB-Kendal, 51352 | H24: Cepiring | I24: Cepiring | J24: https://www.google.com/maps/place/6%C2%B055'39.7%22S+110%C2%B009'27.9%22E/@-6.9277,110.1551841,17z/data=!3m1!4b1!4m4!3m3!8m2!3d-6.9277!4d110.157759?entry=ttu&g_ep=EgoyMDI2MDExMy4wIKXMDSoKLDEwMDc5MjA3MUgBUAM%3D | K24: GOOD | L24: Tidak Bertemu | M24: 087831613950
B25: 1063120230504128 | C25: SALMA AYU RAMADHANI | D25: INVALID TELESALES (PENGKINIAN DATA) | E25: CUS063120230507590 | F25: YES | G25: CEPIRING RT 009 /RW 001, Cepiring, Cepiring, KAB-Kendal, 51352 | H25: CEPIRING | I25: CEPIRING | J25: https://www.google.com/maps?z=12&t=m&q=loc:-6.924749+110.154084 | K25: GOOD | M25: 88980888140
B26: 1063120230604142 | C26: =IFERROR(__xludf.dummyfunction("""COMPUTED_VALUE"""),"SURATI") -> SURATI | D26: =IFERROR(__xludf.dummyfunction("""COMPUTED_VALUE"""),"Uncontacted Telesales") -> Uncontacted Telesales | E26: P19002011963 | F26: YES | G26: DUKUH KAUMSARI RT 002 /RW 001, Poncorejo, Gemuh, KAB-Kendal, 51356 | H26: Poncorejo | I26: Gemuh | J26: https://www.google.com/maps?z=12&t=m&q=loc:-6.965834+110.118211 | K26: EXCELLENT | L26: =VLOOKUP(B27,#REF!,5,0) -> #VALUE! | M26: 081805970914
B27: 1063120230604162 | C27: TES | D27: Pikir-Pikir | E27: CUS063120230507581 | F27: =#N/A -> #N/A | G27: TANJUNGMOJO RT 004 /RW 002, Tanjungmojo, Kangkung, KAB-Kendal, 51353 | H27: TANJUNGMOJO | I27: KANGKUNG | J27: https://www.google.com/maps/place/6%C2%B055'26.3%22S+110%C2%B015'01.2%22E/@-6.923978,110.2477631,17z/data=!3m1!4b1!4m4!3m3!8m2!3d-6.923978!4d110.250338?entry=ttu&g_ep=EgoyMDI1MTEwMi4wIKXMDSoASAFQAw%3D%3D | M27: 081391926678
B28: 1063120230704163 | C28: NUR WAHYUNINGSIH | D28: Konsumen Lunas M +3 | E28: CUS063120220205916 | F28: NO | G28: TRATEMULYO RT 001 /RW 002, Tratemulyo, Weleri, KAB-Kendal, 51355 | H28: TRATEMULYO | I28: WELERI | J28: https://www.google.com/maps?z=12&t=m&q=loc:-6.957502+110.074079 | K28: NORMAL | M28: 0896 - 12957189
B29: 1063120230704187 | C29: =IFERROR(__xludf.dummyfunction("""COMPUTED_VALUE"""),"AHMAT SOHER") -> AHMAT SOHER | D29: =IFERROR(__xludf.dummyfunction("""COMPUTED_VALUE"""),"Uncontacted Telesales") -> Uncontacted Telesales | E29: P19002049026 | F29: NO | G29: JINGKANG RT 013 /RW 005, Timbang, Banyuputih, KAB-Batang, 51281 | H29: TIMBANG | I29: Banyuputih | J29: https://www.google.com/maps?z=12&t=m&q=loc:-6.977925+109.989168 | K29: NORMAL | L29: =VLOOKUP(B30,#REF!,5,0) -> #VALUE! | M29: 0895401289461
B30: 1063120230804233 | C30: TES | D30: Konsumen Lunas M +3 | E30: CUS063120210705128 | F30: NO | G30: TRAJU MANGGUNGSARI RT 001 /RW 002, Manggungsari, Weleri, KAB-Kendal, 51355 | H30: MANGGUNGSARI | I30: WELERI | J30: https://www.google.com/maps/place/6%C2%B059'12.7%22S+110%C2%B005'16.9%22E/@-6.98687,110.0854571,17z/data=!3m1!4b1!4m4!3m3!8m2!3d-6.98687!4d110.088032?entry=ttu&g_ep=EgoyMDI1MTEwMi4wIKXMDSoASAFQAw%3D%3D | M30: 0877 - 70819951
B31: 1063120230804239 | C31: =IFERROR(__xludf.dummyfunction("""COMPUTED_VALUE"""),"Mokh nur khaerul kafid") -> Mokh nur khaerul kafid | D31: =IFERROR(__xludf.dummyfunction("""COMPUTED_VALUE"""),"Konsumen Aktif M 0 - 6 Lunas") -> Konsumen Aktif M 0 - 6 Lunas | E31: CUS063120211105649 | F31: YES | G31: PADATAN RT 005 /RW 002, Lanji, Patebon, KAB-Kendal, 51351 | H31: LANJI | I31: PATEBON | J31: https://www.google.com/maps?z=12&t=m&q=loc:-6.945867+110.153544 | K31: GOOD | L31: =VLOOKUP(#REF!,#REF!,5,0) -> #VALUE! | M31: 85229349618
B32: 1063120230904271 | C32: TES | D32: Konsumen Lunas M +3 | E32: CUS063120230907728 | F32: NO | G32: KRAJAN RT 002 /RW 002, Truko, Kangkung, KAB-Kendal, 51353 | H32: TRUKO | I32: KANGKUNG | J32: https://www.google.com/maps?z=12&t=m&q=loc:-6.931995+110.122577 | M32: 083119099182 | O32: P1
B33: 1063120230904279 | C33: TES | D33: Konsumen Lunas M +3 | E33: CUS063120230107046 | F33: NO | G33: SUROPADAN RT 001 /RW 007, Protomulyo, Kaliwungu Selatan, KAB-Kendal, 51372 | H33: PROTOMULYO | I33: KALIWUNGU SELATAN | J33: https://www.google.com/maps?z=12&t=m&q=loc:-6.972633+110.247647 | M33: 089502604072 | O33: P1
B34: 1063120230904298 | C34: TES | D34: Konsumen Lunas M +3 | E34: CUS063120210605036 | F34: YA | G34: Dk tedunan RT 001 /RW 002, BULU, GRINGSING, KAB-Batang, 51281 | H34: BULU | I34: GRINGSING | J34: https://www.google.com/maps?z=12&t=m&q=loc:-6.996918+110.013175 | M34: 0856 - 7501421 | O34: P1
B35: 1063120230904304 | C35: TES | D35: Konsumen Lunas M +3 | E35: CUS063120191002796 | F35: NO | G35: KP. MIJEN RT 001 /RW 001, Nolokerto, Kaliwungu, KAB-Kendal, 51372 | H35: NOLOKERTO | I35: KALIWUNGU | J35: https://www.google.com/maps/place/6%C2%B057'45.2%22S+110%C2%B015'42.4%22E/@-6.962563,110.2592121,17z/data=!3m1!4b1!4m4!3m3!8m2!3d-6.962563!4d110.261787?entry=ttu&g_ep=EgoyMDI1MTEwMi4wIKXMDSoASAFQAw%3D%3D | M35: 08972392961 | O35: P1
B36: 1063120231104359 | C36: =IFERROR(__xludf.dummyfunction("""COMPUTED_VALUE"""),"VICKY YUSRI ARDIWINATA") -> VICKY YUSRI ARDIWINATA | D36: =IFERROR(__xludf.dummyfunction("""COMPUTED_VALUE"""),"Konsumen Lunas M +3") -> Konsumen Lunas M +3 | E36: CUS063120211205736 | F36: NO | G36: GG.MARKISA RAYA RT 022 /RW 006, Kebondalem, Kendal, KAB-Kendal, 51318 | H36: Kebondalem | I36: Kendal | J36: https://www.google.com/maps?z=12&t=m&q=loc:-6.934308+110.209355 | K36: 0 | L36: =VLOOKUP(B38,#REF!,5,0) -> #VALUE! | M36: 089503795090 | O36: P1
B37: 1063120231104372 | C37: =IFERROR(__xludf.dummyfunction("""COMPUTED_VALUE"""),"TEGUH HARIYANTO") -> TEGUH HARIYANTO | D37: =IFERROR(__xludf.dummyfunction("""COMPUTED_VALUE"""),"Konsumen Lunas M +3") -> Konsumen Lunas M +3 | E37: P19002015381 | F37: YES | G37: DESA PURWOKERTO RT 004 /RW 006, Purwokerto, Patebon, KAB-Kendal, 51351 | H37: PURWOKERTO | I37: PATEBON | J37: https://www.google.com/maps?z=12&t=m&q=loc:-6.925047+110.180577 | K37: EXCELLENT | L37: =VLOOKUP(B39,#REF!,5,0) -> #VALUE! | M37: 83116043887 | O37: P1
B38: 1063120231104373 | C38: =IFERROR(__xludf.dummyfunction("""COMPUTED_VALUE"""),"MOH ZAKKI") -> MOH ZAKKI | D38: =IFERROR(__xludf.dummyfunction("""COMPUTED_VALUE"""),"Konsumen Lunas M +3") -> Konsumen Lunas M +3 | E38: P19002053093 | F38: NO | G38: GANG TENGAH RT 004/006 RT 000 /RW 000, Weleri, Weleri, KABUPATEN, 51355 | H38: Weleri | I38: Weleri | J38: 0 | K38: 0 | L38: =VLOOKUP(B40,#REF!,5,0) -> #VALUE! | M38: 0896 - 27789914 | O38: P2
B39: 1063120231204394 | C39: SABARUDIN | D39: Uncontacted Telesales | E39: P19002047538 | G39: KOROWELANGANYAR RT 002/002 RT 000 /RW 000, Korowelang Anyar, Cepiring, KABUPATEN, 51352 | H39: Korowelang Anyar | I39: Cepiring | J39: https://www.google.com/maps/place/6%C2%B053'26.6%22S+110%C2%B010'15.3%22E/@-6.890719,110.1683511,17z/data=!3m1!4b1!4m4!3m3!8m2!3d-6.890719!4d110.170926?entry=ttu&g_ep=EgoyMDI1MTAwOC4wIKXMDSoASAFQAw%3D%3D | L39: Bertemu | M39: 089675690392 | O39: P2
B40: 1063120231204395 | C40: VANNI EKA PRASTIKNO | D40: Uncontacted (Pengkinian No WA) | E40: CUS063120231207869 | F40: YES | G40: DESA PUGUH, 003, 003, Puguh, Pegandon, KAB-Kendal, 51357 | H40: PUGUH | I40: PEGANDON | J40: https://www.google.com/maps?z=12&t=m&q=loc:-6.995054+110.150966 | K40: GOOD | M40: 89677104292 | O40: P2
B41: 1063120231204399 | C41: KUSWANTO | D41: Konsumen Lunas M +3 | E41: P19002033332 | F41: YES | G41: TUKSURUH RT 001 /RW 007, Sidomukti, Weleri, KAB-Kendal, 51355 | H41: Sidomukti | I41: Weleri | J41: 0 | L41: Tidak Bertemu | M41: 081228659272 | O41: P2
B42: 1063120240104411 | C42: Supandriyono | D42: Uncontacted Telesales | E42: CUS063120210504988 | F42: YES | G42: DESA WONOSARI RT 006 /RW 004, Wonosari, Patebon, KAB-Kendal, 51351 | H42: WONOSARI | I42: PATEBON | J42: https://www.google.com/maps?z=12&t=m&q=loc:-6.899243+110.186910 | K42: EXCELLENT | L42: Bertemu | M42: 85226865385 | O42: P2
B43: 1063120240104418 | C43: TES | D43: Konsumen Lunas M +3 | E43: CUS063120191203524 | F43: NO | G43: DK. PADOLENGAN RT 001 /RW 006, Mororejo, Kaliwungu, KAB-Kendal, 51372 | H43: MOROREJO | I43: Kaliwungu | J43: https://www.google.com/maps?z=12&t=m&q=loc:-6.949711+110.264513 | M43: 085790895349 | O43: P2
B44: 1063120240104422 | C44: =IFERROR(__xludf.dummyfunction("""COMPUTED_VALUE"""),"DWI LESTARI") -> DWI LESTARI | D44: =IFERROR(__xludf.dummyfunction("""COMPUTED_VALUE"""),"Konsumen Lunas M +3") -> Konsumen Lunas M +3 | E44: P19002042044 | F44: YES | G44: DAMARSARI RT 003 /RW 002, Cepiring, Cepiring, KAB-Kendal, 51352 | H44: Cepiring | I44: Cepiring | J44: https://www.google.com/maps?z=12&t=m&q=loc:-6.911247+110.157801 | K44: 0 | L44: =VLOOKUP(B47,#REF!,5,0) -> #VALUE! | M44: 0856 - 40144166 | O44: P2
B45: 1063120240104437 | C45: ICHWAN SETIAWAN | D45: Uncontacted (Pengkinian No WA) | E45: P19002019399 | F45: YES | G45: JL.MADUKORO NO.22, 003, 010, Purwokerto, Patebon, KAB-Kendal, 51351 | H45: Purwokerto | I45: PATEBON | J45: https://www.google.com/maps?z=12&t=m&q=loc:-6.927785+110.183065 | K45: GOOD | M45: 81393112233 | O45: P2
B46: 1063120240204452 | C46: JOKO HANIP | D46: Konsumen Aktif M 0 - 6 Lunas | E46: P057A002038749 | F46: YES | G46: DUKUH LOSARI RT 001 RW 004 KRANGGAN TERSONO BATANG RT 001 /RW 004, Kranggan, Tersono, KAB-Batang, 51272 | H46: Kranggan | I46: Tersono | J46: 0 | K46: GOOD | L46: Tidak Bertemu | M46: 0823 - 26865275 | O46: P2
B47: 1063120240204474 | C47: AMAT MAS UD | D47: Konsumen Aktif M 0 - 6 Lunas | E47: P057A002042484 | F47: NO | G47: DK KEDAWUNG RT 004/RW 001,Kedawung Banyuputih, KAB-Batang,51271 | H47: Kedawung | I47: Banyuputih | J47: https://www.google.com/maps/place/6%C2%B055'45.4%22S+109%C2%B056'06.2%22E/@-6.929274,109.9324721,17z/data=!3m1!4b1!4m4!3m3!8m2!3d-6.929274!4d109.935047?entry=ttu&g_ep=EgoyMDI1MTAwOC4wIKXMDSoASAFQAw%3D%3D | L47: Bertemu | M47: 085721711688 | O47: P3
B48: 1063120240304491 | C48: TES | D48: Uncontacted Telesales | E48: P19002052026 | F48: YA | G48: KEDUNGROMBONG RT 001 /RW 007, Sarirejo, Kaliwungu, KAB-Kendal, 51372 | H48: Sarirejo | I48: Kaliwungu | J48: https://www.google.com/maps?z=12&t=m&q=loc:-6.955709+110.241134 | M48: 081325680608 | O48: P3
B49: 1063120240304510 | C49: =IFERROR(__xludf.dummyfunction("""COMPUTED_VALUE"""),"Sapiin") -> Sapiin | D49: =IFERROR(__xludf.dummyfunction("""COMPUTED_VALUE"""),"Uncontacted Telesales") -> Uncontacted Telesales | E49: CUS063120210705132 | F49: YES | G49: DUKUH INDAH RT 003 /RW 009, Magelung, Kaliwungu Selatan, KAB-Kendal, 51372 | H49: Brangsong | I49: Brangsong | J49: https://www.google.com/maps?z=12&t=m&q=loc:-6.984111+110.231227 | K49: 0 | L49: =VLOOKUP(B52,#REF!,5,0) -> #VALUE! | M49: 0838 - 69266027 | O49: P3
B50: 1063120240404519 | C50: =IFERROR(__xludf.dummyfunction("""COMPUTED_VALUE"""),"Najwa nimatul maula") -> Najwa nimatul maula | D50: =IFERROR(__xludf.dummyfunction("""COMPUTED_VALUE"""),"Konsumen Aktif M 0 - 6 Lunas") -> Konsumen Aktif M 0 - 6 Lunas | E50: CUS063120230107142 | F50: YES | G50: Manggal RT 007 /RW 003, Margomulyo, Pegandon, KAB-Kendal, 51357 | H50: MARGOMULYO | I50: PEGANDON | J50: https://www.google.com/maps/place/6%C2%B059'06.1%22S+110%C2%B009'14.2%22E/@-6.985032,110.1513611,17z/data=!3m1!4b1!4m4!3m3!8m2!3d-6.985032!4d110.153936?entry=ttu&g_ep=EgoyMDI2MDExMy4wIKXMDSoKLDEwMDc5MjA3MUgBUAM%3D | K50: GOOD | L50: =VLOOKUP(B53,#REF!,5,0) -> #VALUE! | M50: 088225081494 | O50: P3
B51: 1063120240404533 | C51: =IFERROR(__xludf.dummyfunction("""COMPUTED_VALUE"""),"Dalmadi") -> Dalmadi | D51: =IFERROR(__xludf.dummyfunction("""COMPUTED_VALUE"""),"Konsumen Aktif M 0 - 6 Lunas") -> Konsumen Aktif M 0 - 6 Lunas | E51: CUS063120220306022 | F51: NO | G51: Tegal sari RT 002 /RW 006, TANGGULHARJO, BRANGSONG, KAB-Kendal, 51371 | H51: TANGGULHARJO | I51: Brangsong | J51: https://www.google.com/maps?z=12&t=m&q=loc:-6.993228+110.217802 | K51: NORMAL | L51: =VLOOKUP(#REF!,#REF!,5,0) -> #VALUE! | M51: 81390215722 | O51: P3
B52: 1063120240404540 | C52: SULAIMAN | D52: INVALID TELESALES (PENGKINIAN DATA) | E52: P263000004978 | F52: YES | G52: ROWOSARI RT 002 /RW 002, Rowosari, Rowosari, KAB-Kendal, 51354 | H52: ROWOSARI | I52: ROWOSARI | J52: TIDAK ADA | K52: EXCELLENT | M52: TIDAK ADA
B53: 1063120240404543 | C53: AFRYAN JACKSON FEBRIANTO | D53: Uncontacted (Pengkinian No WA) | E53: CUS063120240408001 | F53: NO | G53: PERUM RAHAYU MUTIARA INDAH RT 012 /RW 001, Bandengan, Kendal, KAB-Kendal, 51312 | H53: BANDENGAN | I53: KENDAL | J53: TIDAK ADA | K53: EXCELLENT | M53: TIDAK ADA
B54: 1063120240504570 | C54: =IFERROR(__xludf.dummyfunction("""COMPUTED_VALUE"""),"Suhadi") -> Suhadi | D54: =IFERROR(__xludf.dummyfunction("""COMPUTED_VALUE"""),"Konsumen Lunas M +3") -> Konsumen Lunas M +3 | E54: CUS063120201204716 | F54: YES | G54: PADOLENGAN RT 001 /RW 006, Mororejo, Kaliwungu, KAB-Kendal, 51372 | H54: MOROREJO | I54: Kaliwungu | J54: https://www.google.com/maps?z=12&t=m&q=loc:-6.948105+110.265118 | K54: EXCELLENT | L54: =VLOOKUP(B60,#REF!,5,0) -> #VALUE! | M54: 87878610973
B55: 1063120240504573 | C55: =IFERROR(__xludf.dummyfunction("""COMPUTED_VALUE"""),"Hery prastyanto") -> Hery prastyanto | D55: =IFERROR(__xludf.dummyfunction("""COMPUTED_VALUE"""),"Konsumen Aktif M 0 - 6 Lunas") -> Konsumen Aktif M 0 - 6 Lunas | E55: CUS063120200304436 | F55: YES | G55: JEPLAK RT 002 /RW 006, Bendosari, Plantungan, KAB-Kendal, 51362 | H55: BENDOSARI | I55: PLANTUNGAN | J55: https://www.google.com/maps/place/7%C2%B003'12.7%22S+109%C2%B058'51.0%22E/@-7.053532,109.9782691,17z/data=!3m1!4b1!4m4!3m3!8m2!3d-7.053532!4d109.980844?entry=ttu&g_ep=EgoyMDI1MTEwMi4wIKXMDSoASAFQAw%3D%3D | K55: EXCELLENT | L55: =VLOOKUP(#REF!,#REF!,5,0) -> #VALUE! | M55: 081226087772
B56: 1063120240504579 | C56: =IFERROR(__xludf.dummyfunction("""COMPUTED_VALUE"""),"IMAM BUKHORI") -> IMAM BUKHORI | D56: =IFERROR(__xludf.dummyfunction("""COMPUTED_VALUE"""),"Konsumen Lunas M +3") -> Konsumen Lunas M +3 | E56: CUS063120190300131 | F56: YES | G56: KROMPAAN RT 008 /RW 004, Krompaan, Gemuh, KAB-Kendal, 51356 | H56: Krompaan | I56: Gemuh | J56: https://www.google.com/maps?z=12&t=m&q=loc:-6.990828+110.254690 | K56: EXCELLENT | L56: =VLOOKUP(B61,#REF!,5,0) -> #VALUE! | M56: 0882006630528
B57: 1063120240504582 | C57: =IFERROR(__xludf.dummyfunction("""COMPUTED_VALUE"""),"MAHFUD SAIFUDIN") -> MAHFUD SAIFUDIN | D57: =IFERROR(__xludf.dummyfunction("""COMPUTED_VALUE"""),"Konsumen Lunas M +3") -> Konsumen Lunas M +3 | E57: CUS063120230407452 | F57: YES | G57: Sendang kidul RT 002 /RW 002, Sendangkulon, Kangkung, KAB-Kendal, 51353 | H57: Sendangkulon | I57: Kangkung | J57: https://www.google.com/maps?z=12&t=m&q=loc:-6.929868+110.091273 | K57: 0 | L57: =VLOOKUP(B62,#REF!,5,0) -> #VALUE! | M57: 0877 - 69053968
B58: 1063120240504589 | C58: =IFERROR(__xludf.dummyfunction("""COMPUTED_VALUE"""),"SAYONO") -> SAYONO | D58: =IFERROR(__xludf.dummyfunction("""COMPUTED_VALUE"""),"Uncontacted Telesales") -> Uncontacted Telesales | E58: P19002042307 | F58: YES | G58: JETIS RT 003 RW 001 DLIMAS BANYUPUTIH BATANG RT 003 /RW 001, Dlimas, Banyuputih, KABUPATEN, 51271 | H58: DLIMAS | I58: Banyuputih | J58: NA | K58: GOOD | L58: =VLOOKUP(#REF!,#REF!,5,0) -> #VALUE! | M58: NA
B59: 1063120240504596 | C59: =IFERROR(__xludf.dummyfunction("""COMPUTED_VALUE"""),"Indra Saputra") -> Indra Saputra | D59: =IFERROR(__xludf.dummyfunction("""COMPUTED_VALUE"""),"Konsumen Lunas M +3") -> Konsumen Lunas M +3 | E59: CUS063120220906494 | F59: YES | G59: Dusun Sidomulyo RT 001 /RW 001, Gebanganom, Rowosari, KAB-Kendal, 51354 | H59: Gebanganom | I59: Rowosari | J59: https://www.google.com/maps?z=12&t=m&q=loc:-6.929993+110.054427 | K59: 0 | L59: =VLOOKUP(B63,#REF!,5,0) -> #VALUE! | M59: 0838 - 62191337
B60: 1063120240604604 | C60: =IFERROR(__xludf.dummyfunction("""COMPUTED_VALUE"""),"SOFAN ABDUL GHOFUR") -> SOFAN ABDUL GHOFUR | D60: =IFERROR(__xludf.dummyfunction("""COMPUTED_VALUE"""),"Uncontacted Telesales") -> Uncontacted Telesales | E60: CUS063120190300166 | F60: YES | G60: MONTONGSARI RT 004 /RW 003, Montongsari, Weleri, KAB-Kendal, 51355 | H60: MONTONGSARI | I60: WELERI | J60: https://www.google.com/maps?z=12&t=m&q=loc:-6.960221+110.083666 | K60: EXCELLENT | L60: =VLOOKUP(B64,#REF!,5,0) -> #VALUE! | M60: 85947407313
B61: 1063120240604615 | C61: NASOKHA | D61: Konsumen Lunas M +3 | E61: P19002032260 | F61: NO | G61: DESA SUKOLILAN RT 004 /RW 001, Sukolilan, Patebon, KAB-Kendal, 51351 | H61: SUKOLILAN | I61: PATEBON | J61: https://www.google.com/maps?z=12&t=m&q=loc:-6.907033+110.179170 | K61: GOOD | M61: 089510676782
B62: 1063120240604620 | C62: =IFERROR(__xludf.dummyfunction("""COMPUTED_VALUE"""),"TEGUH PRIYADI") -> TEGUH PRIYADI | D62: =IFERROR(__xludf.dummyfunction("""COMPUTED_VALUE"""),"Konsumen Lunas M +3") -> Konsumen Lunas M +3 | E62: CUS063120240608092 | F62: YES | G62: KRAJAN RT 003 /RW 001, Ngampel Kulon, Ngampel, KAB-Kendal, 51357 | H62: Ngampel Kulon | I62: Ngampel | J62: https://www.google.com/maps?z=12&t=m&q=loc:-6.970916+110.189295 | K62: EXCELLENT | L62: =VLOOKUP(B67,#REF!,5,0) -> #VALUE! | M62: 0822 - 20152936
B63: 1063120240604624 | C63: RASWI | D63: Konsumen Lunas M +3 | E63: P19002065334 | F63: YES | G63: SAMBONGAN RT 001 /RW 001, Sambongsari, Weleri, KABUPATEN, 51355 | H63: Sambongsari | I63: WELERI | J63: TIDAK ADA | K63: GOOD | M63: TIDAK ADA
B64: 1063120240604626 | C64: =IFERROR(__xludf.dummyfunction("""COMPUTED_VALUE"""),"SRI RAHAYU") -> SRI RAHAYU | D64: =IFERROR(__xludf.dummyfunction("""COMPUTED_VALUE"""),"Uncontacted Telesales") -> Uncontacted Telesales | E64: CUS063120211005538 | F64: YES | G64: SAMBONGSARI RT 002 /RW 001, Sambongsari, Weleri, KAB-Kendal, 51355 | H64: SAMBONGSARI | I64: WELERI | J64: https://www.google.com/maps/place/6%C2%B058'35.2%22S+110%C2%B003'27.5%22E/@-6.976439,110.0550701,17z/data=!3m1!4b1!4m4!3m3!8m2!3d-6.976439!4d110.057645?entry=ttu&g_ep=EgoyMDI2MDExMy4wIKXMDSoKLDEwMDc5MjA3MUgBUAM%3D | K64: GOOD | L64: =VLOOKUP(B70,#REF!,5,0) -> #VALUE! | M64: 8895410261
B65: =IFERROR(__xludf.dummyfunction("""COMPUTED_VALUE"""),"1063120240704636") -> 1063120240704636 | C65: =IFERROR(__xludf.dummyfunction("""COMPUTED_VALUE"""),"HERU KRISWANTONO") -> HERU KRISWANTONO | D65: =IFERROR(__xludf.dummyfunction("""COMPUTED_VALUE"""),"Konfirmasi Pasangan|KONFIRMASI PASANGAN |9.780.000|23X676.000|4.130.000") -> Konfirmasi Pasangan|KONFIRMASI PASANGAN |9.780.000|23X676.000|4.130.000 | E65: CUS063120230307327 | F65: NO | G65: KAMPUNG KRAMAT SELATAN RT 006 /RW 005, Kutoharjo, Kaliwungu, KAB-Kendal, 51372 | H65: KUTOHARJO | I65: KALIWUNGU | J65: https://www.google.com/maps?z=12&t=m&q=loc:-6.963579+110.261652 | K65: NORMAL | L65: Tidak Bertemu | M65: 83865000154
B66: 1063120240704645 | C66: TEGUH MUSTOFA | D66: Konsumen Lunas M +3 | E66: CUS063120191002949 | F66: YES | G66: DESA KARTIKAJAYA RT 002 /RW 003, Kartikajaya, Patebon, KAB-Kendal, 51351 | H66: KARTIKAJAYA | I66: PATEBON | J66: TIDAK ADA | K66: EXCELLENT | M66: 083842936041
B67: 1063120240704655 | C67: HANA IHZA MAULANI | D67: Uncontacted (Pengkinian No WA) | E67: CUS063120240708133 | F67: yes | G67: DUSUN SIDOMULYO, 003, 003, Gebanganom, Rowosari, KAB-Kendal, 51354 | H67: GEBANGANOM | I67: ROWOSARI | J67: https://www.google.com/maps?z=12&t=m&q=loc:-6.928537+110.058435 | K67: EXCELLENT | M67: 87838540788
B68: 1063120240704656 | C68: AFIF FITRIYANI | D68: Konsumen Lunas M +3 | E68: CUS063120190701731 | F68: YES | G68: JUWIRING TENGAH RT 003 /RW 002, Juwiring, Cepiring, KAB-Kendal, 51352 | H68: JUWIRING | I68: CEPIRING | J68: TIDAK ADA | K68: EXCELLENT | M68: 089662064806
B69: 1063120240704661 | C69: =IFERROR(__xludf.dummyfunction("""COMPUTED_VALUE"""),"LAELI INDATUL ADAWIYAH") -> LAELI INDATUL ADAWIYAH | D69: =IFERROR(__xludf.dummyfunction("""COMPUTED_VALUE"""),"Konsumen Lunas M +3") -> Konsumen Lunas M +3 | E69: CUS063120230207274 | F69: NO | G69: Sidomulyo RT 010 /RW 003, Sidomulyo, Cepiring, KAB-Kendal, 51352 | H69: Sidomulyo | I69: Cepiring | J69: https://www.google.com/maps?z=12&t=m&q=loc:-6.910975+110.153174 | K69: 0 | L69: =VLOOKUP(B83,#REF!,5,0) -> #VALUE! | M69: 0895 - 366937788
B70: 1063120240804677 | C70: =IFERROR(__xludf.dummyfunction("""COMPUTED_VALUE"""),"ISMULYONO") -> ISMULYONO | D70: =IFERROR(__xludf.dummyfunction("""COMPUTED_VALUE"""),"Uncontacted Telesales") -> Uncontacted Telesales | E70: CUS063120190701752 | F70: NO | G70: KADILANGU RT 003 /RW 002, Kadilangu, Kangkung, KAB-Kendal, 51353 | H70: KADILANGU | I70: Kangkung | J70: https://www.google.com/maps?z=12&t=m&q=loc:-6.930818+110.120789 | K70: GOOD | L70: =VLOOKUP(B86,#REF!,5,0) -> #VALUE! | M70: 89628103021
B71: =IFERROR(__xludf.dummyfunction("""COMPUTED_VALUE"""),"1063120240804682") -> 1063120240804682 | C71: =IFERROR(__xludf.dummyfunction("""COMPUTED_VALUE"""),"SUDARSO") -> SUDARSO | D71: =IFERROR(__xludf.dummyfunction("""COMPUTED_VALUE"""),"Pikir-Pikir|Interest Pikir-Pikir | | 9.200.000 | 11 | 1.126.000 | 9.200.000") -> Pikir-Pikir|Interest Pikir-Pikir | | 9.200.000 | 11 | 1.126.000 | 9.200.000 | E71: P19002053689 | F71: NO | G71: GANG PINGGIR RT 008 /RW 006, Weleri, Weleri, KAB-Kendal, 51355 | H71: WELERI | I71: WELERI | J71: https://www.google.com/maps?z=12&t=m&q=loc:-6.962987+110.079973 | K71: GOOD | L71: Bertemu | M71: 87881343112
B72: 1063120240804690 | C72: KOMSATUN | D72: Pikir-Pikir|INTEREST|PA|REPOLLING|150000000|15000000|24|110000000|SIAP SURVEY | E72: P19002060693 | F72: YES | G72: PATUKANGAN RT 001 /RW 009, Plantaran, Kaliwungu Selatan, KAB-Kendal, 51372 | H72: PLANTARAN | I72: KALIWUNGU SELATAN | J72: https://www.google.com/maps?z=12&t=m&q=loc:-6.964023+110.241089 | K72: GOOD | L72: =#N/A -> #N/A | M72: 87831610478
B73: 1063120240804695 | C73: =IFERROR(__xludf.dummyfunction("""COMPUTED_VALUE"""),"YAKUP") -> YAKUP | D73: =IFERROR(__xludf.dummyfunction("""COMPUTED_VALUE"""),"Konsumen Aktif M 0 - 6 Lunas") -> Konsumen Aktif M 0 - 6 Lunas | E73: P19002048104 | F73: NO | G73: DESA TIMBANG RT 004 /RW 001, Timbang, Banyuputih, KAB-Batang, 51281 | H73: TIMBANG | I73: Banyuputih | J73: https://www.google.com/maps?z=12&t=m&q=loc:-6.976890+109.977103 | K73: NORMAL | L73: =VLOOKUP(B91,#REF!,5,0) -> #VALUE! | M73: 82323839094
B74: 1063120240804698 | C74: WASMIN | D74: Konsumen Aktif M 0 - 6 Lunas | E74: CUS063120200304309 | F74: YES | G74: DK KARANGANYAR RT 003 /RW 003, Kedawung, Banyuputih, KAB-Batang, 51271 | H74: Kedawung | I74: Banyuputih | J74: https://www.google.com/maps?z=12&t=m&q=loc:-6.931098+109.932008 | K74: EXCELLENT | M74: 085200292096
B75: 1063120240804701 | C75: DITA PUTRI PRATIWI | D75: Konsumen Aktif M 0 - 6 Lunas | E75: CUS063120190701856 | F75: NO | G75: LOMANSARI RT 001 /RW 001, Karangtengah, Kaliwungu, KAB-Kendal, 51372 | H75: Karangtengah | I75: Kaliwungu | J75: 6°56'58.3"S 110°14'24.1"E - Google Maps | K75: NORMAL | M75: 0895 - 10412852
B76: 1063120240804704 | C76: =IFERROR(__xludf.dummyfunction("""COMPUTED_VALUE"""),"MISRU") -> MISRU | D76: =IFERROR(__xludf.dummyfunction("""COMPUTED_VALUE"""),"Konsumen Aktif M 0 - 6 Lunas") -> Konsumen Aktif M 0 - 6 Lunas | E76: CUS063120240808195 | F76: YES | G76: DEMPAL REJO RT 004 /RW 001, Dempelrejo, Ngampel, KAB-Kendal, 51357 | H76: Dempelrejo | I76: Ngampel | J76: https://www.google.com/maps?z=12&t=m&q=loc:-6.962741+110.192389 | K76: GOOD | L76: =VLOOKUP(B97,#REF!,5,0) -> #VALUE! | M76: 087797094946
B77: 1063120240904721 | C77: =IFERROR(__xludf.dummyfunction("""COMPUTED_VALUE"""),"Siswandi") -> Siswandi | D77: =IFERROR(__xludf.dummyfunction("""COMPUTED_VALUE"""),"Uncontacted Telesales") -> Uncontacted Telesales | E77: CUS063120210304838 | F77: NO | G77: GG MELATI RT 004 /RW 001, Karang Sari, Kendal, KAB-Kendal, 51319 | H77: KARANGSARI | I77: KENDAL | J77: https://www.google.com/maps?z=12&t=m&q=loc:-6.925809+110.208350 | K77: NORMAL | L77: =VLOOKUP(#REF!,#REF!,5,0) -> #VALUE! | M77: 85540410002
B78: 1063120240904723 | C78: BENY PRASETIO WIBOWO | D78: Konsumen Aktif M 0 - 6 Lunas | E78: CUS063120200103933 | F78: YES | G78: JENARSARI RT 002 /RW 004, Jenarsari, Gemuh, KAB-Kendal, 51356 | H78: JENARSARI | I78: GEMUH | J78: https://www.google.com/maps/place/6%C2%B057'00.8%22S+110%C2%B003'46.7%22E/@-6.9400923,110.0077237,12.5z/data=!4m4!3m3!8m2!3d-6.950227!4d110.062971?entry=ttu&g_ep=EgoyMDI2MDExMy4wIKXMDSoKLDEwMDc5MjA3MUgBUAM%3D | K78: GOOD | L78: Bertemu | M78: 83837093659
B79: 1063120240904727 | C79: Supopo Wilono | D79: Konsumen Aktif M 0 - 6 Lunas | E79: CUS063120220306034 | F79: YES | G79: Gang Layur RT 010 /RW 003, Patukangan, Kendal, KAB-Kendal, 51311 | H79: Patukangan | I79: Kendal | J79: https://www.google.com/maps?z=12&t=m&q=loc:-6.920520+110.203468 | K79: NORMAL | M79: 0857 - 41728598
B80: 1063120240904730 | C80: KUSTIYANTO | D80: Konfirmasi Pasangan|INTEREST|PA|REPOLLING|150000000|15000000|24|110000000|SIAP SURVEY Rp6.000.000/Rp883.000/17/.Rp4.968.656 | E80: CUS063120191002864 | F80: NO | G80: BETENG DESA TAMPINGWINARNO RT 001 /RW 001, Tamping Winarno, Sukorejo, KAB-Kendal, 51363 | H80: Tamping Winarno | I80: Sukorejo | J80: https://www.google.com/maps?z=12&t=m&q=loc:-7.085117+110.031055 | K80: GOOD | L80: =VLOOKUP(#REF!,#REF!,5,0) -> #VALUE! | M80: 081326338114
B81: 1063120240904732 | C81: TES | D81: Konfirmasi Pasangan | E81: P19002061803 | G81: DUKUH SARI RT 001 /RW 002, Sembung, Banyuputih, KAB-Batang, 51271 | H81: SEMBUNG | I81: Banyuputih | J81: https://www.google.com/maps?z=12&t=m&q=loc:-6.968306+109.940955 | M81: 082134812775
B82: 1063120240904738 | C82: =IFERROR(__xludf.dummyfunction("""COMPUTED_VALUE"""),"Mugiyanto") -> Mugiyanto | D82: =IFERROR(__xludf.dummyfunction("""COMPUTED_VALUE"""),"Uncontacted Telesales") -> Uncontacted Telesales | E82: CUS063120220305968 | F82: YES | G82: BOJONGGEDE RT 002 /RW 004, Bojonggede, Ngampel, KAB-Kendal, 51357 | H82: Bojonggede | I82: Ngampel | J82: https://www.google.com/maps?z=12&t=m&q=loc:-6.953135+110.191563 | K82: 0 | L82: =VLOOKUP(B106,#REF!,5,0) -> #VALUE! | M82: 085106709400
B83: 1063120240904747 | C83: TES | D83: Konsumen Aktif M 0 - 6 Lunas | E83: CUS063120240908257 | F83: =#N/A -> #N/A | G83: TLOGO RT 003 /RW 003, Tlogopayung, Plantungan, KAB-Kendal, 51362 | H83: TLOGOPAYUNG | I83: PLANTUNGAN | J83: https://www.google.com/maps?z=12&t=m&q=loc:-7.119892+109.960965 | M83: 081390249957
B84: 1063120240904760 | C84: =IFERROR(__xludf.dummyfunction("""COMPUTED_VALUE"""),"AHMAD TASRIFIN") -> AHMAD TASRIFIN | D84: =IFERROR(__xludf.dummyfunction("""COMPUTED_VALUE"""),"Konsumen Aktif M 0 - 6 Lunas") -> Konsumen Aktif M 0 - 6 Lunas | E84: CUS063120230307401 | F84: YES | G84: BARANGAN RT 005 /RW 004, Mlatiharjo, Patean, KAB-Kendal, 51364 | H84: MLATIHARJO | I84: PATEAN | J84: https://www.google.com/maps?z=12&t=m&q=loc:-7.112332+110.043771 | K84: GOOD | L84: =VLOOKUP(B108,#REF!,5,0) -> #VALUE! | M84: 87833389461
B85: 1063120240904762 | C85: =IFERROR(__xludf.dummyfunction("""COMPUTED_VALUE"""),"Dodi") -> Dodi | D85: =IFERROR(__xludf.dummyfunction("""COMPUTED_VALUE"""),"Uncontacted Telesales") -> Uncontacted Telesales | E85: CUS063120210504985 | F85: NO | G85: DESA SENDANG DAWUHAN RT 003 /RW 003, Sendangdawuhan, Rowosari, KAB-Kendal, 51354 | H85: SENDANGDAWUHAN | I85: ROWOSARI | J85: https://www.google.com/maps?z=12&t=m&q=loc:-6.936507+110.075228 | K85: EXCELLENT | L85: =VLOOKUP(B111,#REF!,5,0) -> #VALUE! | M85: 87734780103
B86: 1063120240904763 | C86: Imam khoirudin | D86: Konsumen Aktif M 0 - 12 Lunas | E86: CUS063120211105567 | F86: =#N/A -> #N/A | G86: BULUGEDE RT 001 /RW 002, Bulugede, Patebon, KAB-Kendal, 51351 | H86: Bulugede | I86: Patebon | J86: =#N/A -> #N/A | K86: EXCELLENT | M86: 0895 - 630559311
B87: 1063120240904763 | C87: Imam khoirudin | D87: Konsumen Aktif M 0 - 6 Lunas | E87: CUS063120211105567 | F87: YES | G87: BULUGEDE RT 001 /RW 002, Bulugede, Patebon, KAB-Kendal, 51351 | H87: Bulugede | I87: Patebon | J87: https://www.google.com/maps/place/6%C2%B057'14.2%22S+110%C2%B010'29.0%22E/@-6.953941,110.1721411,17z/data=!3m1!4b1!4m4!3m3!8m2!3d-6.953941!4d110.174716?entry=ttu&g_ep=EgoyMDI2MDcwNy4wIKXMDSoASAFQAw%3D%3D | K87: EXCELLENT | M87: 0895 - 630559311
B88: 1063120241004765 | C88: =IFERROR(__xludf.dummyfunction("""COMPUTED_VALUE"""),"NAILUL MAMLUAH") -> NAILUL MAMLUAH | D88: =IFERROR(__xludf.dummyfunction("""COMPUTED_VALUE"""),"Konsumen Lunas M +3") -> Konsumen Lunas M +3 | E88: CUS063120240908270 | F88: YES | G88: KEBONHARJO RT 002 /RW 004, Kebonharjo, Patebon, KAB-Kendal, 51351 | H88: KEBONHARJO | I88: PATEBON | J88: https://www.google.com/maps?z=12&t=m&q=loc:-6.931590+110.162370 | K88: GOOD | L88: =VLOOKUP(B116,#REF!,5,0) -> #VALUE! | M88: 85931173856
B89: 1063120241004770 | C89: ABDUL ROHMAN | D89: Konsumen Lunas M +3 | E89: P263000000895 | F89: =#N/A -> #N/A | G89: KERTOMULYO RT 005 /RW 004, Kertomulyo, Brangsong, KAB-Kendal, 51371 | H89: Kertomulyo | I89: Brangsong | J89: =#N/A -> #N/A | K89: EXCELLENT | M89: 0831 - 89463115
B90: 1063120241004772 | C90: NUR LAZIMAH | D90: Konsumen Aktif M 0 - 6 Lunas | E90: CUS063120190500956 | G90: DUKUH KRASAK RT 005 /RW 003, Kangkung, Kangkung, KAB-Kendal, 51353 | H90: Kangkung | I90: Kangkung | J90: https://www.google.com/maps/place/6%C2%B055'52.6%22S+110%C2%B006'26.4%22E/@-6.931274,110.1047581,17z/data=!3m1!4b1!4m4!3m3!8m2!3d-6.931274!4d110.107333?entry=ttu&g_ep=EgoyMDI1MTAwOC4wIKXMDSoASAFQAw%3D%3D | L90: Tidak Bertemu | M90: 0878 - 60153616
A91: 46055 | B91: 1063120241004773 | C91: =IFERROR(__xludf.dummyfunction("""COMPUTED_VALUE"""),"SUALI") -> SUALI | D91: =IFERROR(__xludf.dummyfunction("""COMPUTED_VALUE"""),"Konsumen Aktif M 0 - 6 Lunas") -> Konsumen Aktif M 0 - 6 Lunas | E91: CUS063120210304904 | F91: YES | G91: DESA JAMBEARUM RT 005 /RW 006, Jambearum, Patebon, KAB-Kendal, 51351 | H91: JAMBEARUM | I91: PATEBON | J91: https://www.google.com/maps?z=12&t=m&q=loc:-6.972253+110.066376 | K91: EXCELLENT | L91: =VLOOKUP(B120,#REF!,5,0) -> #VALUE! | M91: 85706315466
B92: 1063120241004774 | C92: TES | D92: Konsumen Lunas M +3 | E92: CUS063120210204819 | F92: YA | G92: Gubugsari RT 002 /RW 004, Pegandon, Pegandon, KAB-Kendal, 51357 | H92: PEGANDON | I92: PEGANDON | J92: https://www.google.com/maps?z=12&t=m&q=loc:-6.966197+110.161527 | M92: 085713797089
B93: 1063120241004777 | C93: ACHMAD CHAIRUL ANAM | D93: Konsumen Aktif M 0 - 6 Lunas | E93: CUS063120231107843 | F93: YES | G93: DK PONGOL SARI RT 005 /RW 002, Madugowongjati, Gringsing, KAB-Batang, 51281 | H93: Madugowongjati | I93: Gringsing | J93: https://www.google.com/maps/place/6%C2%B059'19.5%22S+109%C2%B059'08.9%22E/@-6.98875,109.9832371,17z/data=!3m1!4b1!4m4!3m3!8m2!3d-6.98875!4d109.985812?entry=ttu&g_ep=EgoyMDI2MDYyOS4wIKXMDSoASAFQAw%3D%3D | K93: EXCELLENT | M93: 0857 - 02254450
B94: 1063120241004791 | C94: HERMANTO | D94: Konsumen Aktif M 0 - 6 Lunas | E94: P091A002037332 | F94: YES | G94: Ngasinan RT 009 /RW 003, Ngasinan, Weleri, KAB-Kendal, 51355 | H94: Ngasinan | I94: Weleri | J94: https://www.google.com/maps?z=12&t=m&q=loc:-6.971223+110.090367 | K94: EXCELLENT | M94: 0813 - 30005452
B95: 1063120241004792 | C95: TES | D95: Konsumen Lunas M +3 | E95: CUS063120210905401 | F95: YA | G95: DUKUH KEBONSARI RT 004 /RW 002, Kebondalem, Gringsing, KAB-Batang, 51281 | H95: KEBONDALEM | I95: GRINGSING | J95: https://www.google.com/maps?z=12&t=m&q=loc:-6.986466+110.129005 | M95: 0838 - 08077290
B96: 1063120241004798 | C96: SITI MASROFAH | D96: Konsumen Aktif M 0 - 6 Lunas | E96: CUS063120241008307 | F96: YES | G96: DESA GEBANGANOM WETAN RT 006 /RW 001, Gebanganom Wetan, Kangkung, KAB-Kendal, 51353 | H96: Gebanganom Wetan | I96: Kangkung | J96: https://www.google.com/maps/place/6%C2%B056'20.0%22S+110%C2%B007'29.6%22E/@-6.938877,110.1223221,17z/data=!3m1!4b1!4m4!3m3!8m2!3d-6.938877!4d110.124897?entry=ttu&g_ep=EgoyMDI2MDcwOC4wIKXMDSoASAFQAw%3D%3D | K96: EXCELLENT | M96: 085520754148
B97: 1063120241004801 | C97: SUYITNO | D97: Konsumen Lunas M +3 | E97: CUS063120221206924 | F97: YES | G97: DUSUN BALONG RT 003 /RW 002, Randusari, Rowosari, KAB-Kendal, 51354 | H97: RANDUSARI | I97: ROWOSARI | J97: https://www.google.com/maps/place/6%C2%B056'27.2%22S+110%C2%B004'43.8%22E/@-6.940878,110.0762551,17z/data=!3m1!4b1!4m4!3m3!8m2!3d-6.940878!4d110.07883?entry=ttu&g_ep=EgoyMDI1MTEwMi4wIKXMDSoASAFQAw%3D%3D | K97: GOOD | M97: 0859 - 159643886
B98: 1063120241004804 | C98: KUNYATI | D98: Konsumen Lunas M +3 | E98: CUS063120241008311 | F98: YES | G98: DUSUN KUMPULSARI RT 009 /RW 004, Gempolsewu, Rowosari, KAB-Kendal, 51354 | H98: GEMPOLSEWU | I98: ROWOSARI | J98: https://www.google.com/maps/place/6%C2%B055'10.6%22S+110%C2%B002'51.7%22E/@-6.919615,110.0451261,17z/data=!3m1!4b1!4m4!3m3!8m2!3d-6.919615!4d110.047701?entry=ttu&g_ep=EgoyMDI1MTEwMi4wIKXMDSoASAFQAw%3D%3D | K98: EXCELLENT | M98: 0831 - 33278049
B99: 1063120241004807 | C99: ANNAS MARZUKI | D99: Konsumen Aktif M 0 - 6 Lunas | E99: P19002037152 | F99: YES | G99: DESA PUGUH RT 001/004 RT 01 /RW 04, Puguh, Pegandon, KAB-Kendal, 51357 | H99: Puguh | I99: Pegandon | J99: TIDAK ADA | K99: GOOD | M99: 0882 - 007565578
B100: 1063120241104819 | C100: PURNOMOSIDI | D100: Konsumen Aktif M 0 - 6 Lunas | E100: P19002058659 | F100: YES | G100: PERUM GRAHA RAYA NO. 265 RT 008 /RW 010, Sarirejo, Kaliwungu, KAB-Kendal, 51372 | H100: Sarirejo | I100: Kaliwungu | J100: http://maps.google.com/maps?z=12&t=m&q=loc:-6.942429+110.253472 | K100: EXCELLENT | M100: 0812 - 25579340
...

Sheet DATA VISIT
B1: DATA PRIORITY | C1: NAMA CABANG | D1: NO KONTRAK | E1: NAMA KONSUMEN | F1: KETERANGAN | G1: CUS ID | H1: PA | I1: ALAMAT | J1: KELURAHAN | K1: KECAMATAN | L1: GOOGLE MAP | M1: RATING | N1: CEK VISIT | O1: NO HP
B5: P2 | C5: KENDAL | D5: 1063120251105297 | E5: BUDI UTOMO | F5: Konsumen Aktif M 0 - 6 Lunas | G5: 063A7501000862 | H5: NO | I5: KRAJAN TIMUR RT 002 /RW 006, Sambongsari, Weleri, KAB-Kendal, 51355 | J5: Sambongsari | K5: Weleri | L5: https://www.google.com/maps?z=12&t=m&q=loc:-6.972395+110.060835 | M5: GOOD | N5: 0 | O5: 0822 - 80005143 | S5: KENDAL | T5: 1057120231106521 | U5: SUTARI | V5: P2 | X5: 1057120231106521 | Y5: SUTARI
B6: P2 | C6: KENDAL | D6: 1063120250905206 | E6: UMI ERNIATI | F6: Konsumen Aktif M 0 - 6 Lunas | G6: CUS061120200805988 | H6: YES | I6: BK BABADAN RT 001 /RW 006, Kebonharjo, Patebon, KAB-Kendal, 51351 | J6: Kebonharjo | K6: Patebon | L6: https://www.google.com/maps/place/6%C2%B055'51.0%22S+110%C2%B009'24.0%22E/@-6.930839,110.1540861,17z/data=!3m1!4b1!4m4!3m3!8m2!3d-6.930839!4d110.156661?entry=ttu&g_ep=EgoyMDI2MDcwNy4wIKXMDSoASAFQAw%3D%3D | M6: NORMAL | N6: 0 | O6: 0831 - 57425895 | S6: KENDAL | T6: 1057120240206718 | U6: IRFAUDIN | V6: P2 | X6: 1057120240206718 | Y6: IRFAUDIN
B7: P2 | C7: KENDAL | D7: 1063120260105352 | E7: SUGENG LISTIAWAN | F7: Konsumen Aktif M 0 - 6 Lunas | G7: CUS063120190400364 | H7: YES | I7: WATUDONO RT 002 /RW 005, Surokonto Wetan, Pagerruyung, KAB-Kendal, 51361 | J7: Surokonto Wetan | K7: Pagerruyung | L7: https://www.google.com/maps?z=12&t=m&q=loc:-7.019104+110.054403 | M7: GOOD | N7: 0 | O7: 0823 - 24295732 | S7: KENDAL | T7: 1057120251007882 | U7: JURIYAH | V7: P2 | X7: 1057120251007882 | Y7: JURIYAH
B8: P2 | C8: KENDAL | D8: 1063120250104897 | E8: MUHLISIN | F8: Konsumen Aktif M 0 - 6 Lunas | G8: CUS063120190701682 | H8: YES | I8: CEPOKOMULYO RT 003 /RW 005, Cepokomulyo, Gemuh, KAB-Kendal, 51356 | J8: Cepokomulyo | K8: Gemuh | L8: google.com/maps?z=12&t=m&q=loc:-6.992719+110.128260 | M8: EXCELLENT | N8: 0 | O8: 082128848247 | S8: KENDAL | T8: 1061120250608474 | U8: HADI KURNIAWAN | V8: P2 | X8: 1061120250608474 | Y8: HADI KURNIAWAN
B9: P2 | C9: KENDAL | D9: 1063120251005273 | E9: Haryanto | F9: Konsumen Aktif M 0 - 6 Lunas | G9: CUS063120210304856 | H9: YES | I9: DK PATUREN RT 03 /RW 04, Pagersari, Patean, KAB-Kendal, 51364 | J9: Pagersari | K9: Patean | L9: 7°06'34.9"S 110°04'50.7"E - Google Maps | M9: NORMAL | N9: 0 | O9: 0838 - 37785369 | S9: KENDAL | T9: 1063120230504116 | U9: KALMI | V9: P2 | X9: 1063120230504116 | Y9: KALMI
B10: P2 | C10: KENDAL | D10: 1063120250505033 | E10: Listiyo hardiman | F10: Konsumen Aktif M 0 - 6 Lunas | G10: CUS063120210805233 | H10: NO | I10: TRIDI RT 007 /RW 003, Dempelrejo, Ngampel, KENDAL, 51357 | J10: Dempelrejo | K10: Ngampel | L10: https://www.google.com/maps?z=12&t=m&q=loc:-6.954715+110.200846 | M10: NORMAL | N10: 0 | O10: 089653350080 | S10: KENDAL | T10: 1063120230504126 | U10: ZAENAL ARIFIN | V10: P2 | X10: 1063120230504126 | Y10: ZAENAL ARIFIN
B11: P2 | C11: KENDAL | D11: 1063120250505029 | E11: Minayati setiani | F11: Konsumen Aktif M 0 - 6 Lunas | G11: CUS063120210905347 | H11: NO | I11: BUMIAYU RT 008 /RW 003, Bumiayu, Weleri, KAB-Kendal, 51355 | J11: Balok | K11: Kendal | L11: https://www.google.com/maps?z=12&t=m&q=loc:-6.980049+110.073777 | M11: EXCELLENT | N11: 0 | O11: 081904757492 | S11: KENDAL | T11: 1063120230504128 | U11: SALMA AYU RAMADHANI | V11: P2 | X11: 1063120230504128 | Y11: SALMA AYU RAMADHANI
B12: P2 | C12: KENDAL | D12: 1063120240904763 | E12: Imam khoirudin | F12: Konsumen Aktif M 0 - 6 Lunas | G12: CUS063120211105567 | H12: =#N/A -> #N/A | I12: BULUGEDE RT 001 /RW 002, Bulugede, Patebon, KAB-Kendal, 51351 | J12: Bulugede | K12: Patebon | L12: https://maps.app.goo.gl/VqUvHGUte5q5FV2JA?g_st=ac | M12: EXCELLENT | N12: 0 | O12: 0895 - 630559311 | S12: KENDAL | T12: 1063120230604136 | U12: MUKHAMAD ALDI PRASETYO | V12: P2 | X12: 1063120230604136 | Y12: MUKHAMAD ALDI PRASETYO
B13: P2 | C13: KENDAL | D13: 1063120251105298 | E13: SLAMET.S | F13: Konsumen Aktif M 0 - 6 Lunas | G13: CUS063120220105807 | H13: NO | I13: KALIBARENG RT 002 /RW 001, Kalibareng, Patean, KAB-Kendal, 51364 | J13: Kalibareng | K13: Patean | L13: https://www.google.com/maps/place/7%C2%B002'47.0%22S+110%C2%B003'59.0%22E/@-7.0715822,110.0242411,13z/data=!4m4!3m3!8m2!3d-7.046375!4d110.066396?entry=ttu&g_ep=EgoyMDI2MDcwNy4wIKXMDSoASAFQAw%3D%3D | M13: NORMAL | N13: 0 | O13: 0813 - 93283556 | S13: KENDAL | T13: 1063120230604147 | U13: SITI ROKHATUN | V13: P2 | X13: 1063120230604147 | Y13: SITI ROKHATUN
B14: P2 | C14: KENDAL | D14: 1063120241204874 | E14: Riyantik | F14: Konsumen Aktif M 0 - 6 Lunas | G14: CUS063120221006705 | H14: YES | I14: SAMBONGSARI RT 003 /RW 001, Sambongsari, Weleri, KAB-Kendal, 51355 | J14: Sambongsari | K14: Weleri | L14: google.com/maps?z=12&t=m&q=loc:-6.972847+110.059785 | M14: NORMAL | N14: 0 | O14: 08988383160 | S14: KENDAL | T14: 1063120231204395 | U14: VANNI EKA PRASTIKNO | V14: P2 | X14: 1063120231204395 | Y14: VANNI EKA PRASTIKNO
B15: P2 | C15: KENDAL | D15: 1063120241104840 | E15: CAHYA KARDININGSIH | F15: Konsumen Aktif M 0 - 6 Lunas | G15: CUS063120221106822 | H15: YES | I15: TEMPEL RT 010 /RW 003, Bumiayu, Weleri, KAB-Kendal, 51355 | J15: Bumiayu | K15: Weleri | L15: https://www.google.com/maps?z=12&t=m&q=loc:-6.981893+110.073458 | M15: EXCELLENT | N15: 0 | O15: 083121132031 | S15: KENDAL | T15: 1063120240104437 | U15: ICHWAN SETIAWAN | V15: P2 | X15: 1063120240104437 | Y15: ICHWAN SETIAWAN
B16: P2 | C16: KENDAL | D16: 1063120250104885 | E16: Andy Purnomo aji | F16: Konsumen Aktif M 0 - 6 Lunas | G16: CUS063120230307314 | H16: YES | I16: Langgengsari RT 005 /RW 002, Plantaran, Kaliwungu Selatan, KAB-Kendal, 51372 | J16: Plantaran | K16: Kaliwungu Selatan | L16: https://www.google.com/maps/place/6%C2%B057'59.5%22S+110%C2%B014'47.6%22E/@-6.966538,110.2439671,17z/data=!3m1!4b1!4m4!3m3!8m2!3d-6.966538!4d110.246542?entry=ttu&g_ep=EgoyMDI2MDYyOS4wIKXMDSoASAFQAw%3D%3D | M16: NORMAL | N16: 0 | O16: 085713645032 | S16: KENDAL | T16: 1063120240104443 | U16: Satoto | V16: P2 | X16: 1063120240104443 | Y16: Satoto
B17: P2 | C17: KENDAL | D17: 1063120230504128 | E17: SALMA AYU RAMADHANI | F17: Uncontacted Telesales | G17: CUS063120230507590 | H17: YES | I17: CEPIRING RT 009 /RW 001, Cepiring, Cepiring, KAB-Kendal, 51352 | J17: CEPIRING | K17: CEPIRING | L17: https://www.google.com/maps?z=12&t=m&q=loc:-6.924749+110.154084 | M17: GOOD | N17: 0 | O17: 88980888140 | S17: KENDAL | T17: 1063120240304500 | U17: NURHAYATI | V17: P2 | X17: 1063120240304500 | Y17: NURHAYATI
B18: P2 | C18: KENDAL | D18: 1063120250705136 | E18: SUDIRO | F18: Konsumen Aktif M 0 - 6 Lunas | G18: CUS063120230907742 | H18: YES | I18: NGLUMBU RT 005 /RW 006, Tejorejo, Ringinarum, KAB-Kendal, 51356 | J18: Tejorejo | K18: Ringinarum | L18: https://www.google.com/maps?z=12&t=m&q=loc:-7.007550+110.096400 | M18: EXCELLENT | N18: 0 | O18: 082112762289 | S18: KENDAL | T18: 1063120240704655 | U18: HANA IHZA MAULANI | V18: P2 | X18: 1063120240704655 | Y18: HANA IHZA MAULANI
B19: P2 | C19: KENDAL | D19: 1063120241004777 | E19: ACHMAD CHAIRUL ANAM | F19: Konsumen Aktif M 0 - 6 Lunas | G19: CUS063120231107843 | H19: YES | I19: DK PONGOL SARI RT 005 /RW 002, Madugowongjati, Gringsing, KAB-Batang, 51281 | J19: Madugowongjati | K19: Gringsing | L19: https://www.google.com/maps/place/6%C2%B059'19.5%22S+109%C2%B059'08.9%22E/@-6.98875,109.9832371,17z/data=!3m1!4b1!4m4!3m3!8m2!3d-6.98875!4d109.985812?entry=ttu&g_ep=EgoyMDI2MDYyOS4wIKXMDSoASAFQAw%3D%3D | M19: EXCELLENT | N19: 0 | O19: 0857 - 02254450 | S19: KENDAL | T19: 1063120240904763 | U19: Imam khoirudin | V19: P2 | X19: 1063120240904763 | Y19: Imam khoirudin
